"attempt","converged","admissible","outcome","omega","seed","source_md5","R_version","lavaan_version"
1,TRUE,TRUE,"usable",0.778861355175942,2026101204,"af492784a42768ec0c2ff0ccf7a1e055","4.5.1","0.6.21"
2,TRUE,TRUE,"usable",0.779866932840008,2026101204,"af492784a42768ec0c2ff0ccf7a1e055","4.5.1","0.6.21"
3,TRUE,TRUE,"usable",0.772711405223277,2026101204,"af492784a42768ec0c2ff0ccf7a1e055","4.5.1","0.6.21"
4,TRUE,TRUE,"usable",0.805343275569888,2026101204,"af492784a42768ec0c2ff0ccf7a1e055","4.5.1","0.6.21"
5,TRUE,TRUE,"usable",0.802053476398694,2026101204,"af492784a42768ec0c2ff0ccf7a1e055","4.5.1","0.6.21"
6,TRUE,TRUE,"usable",0.779111579260687,2026101204,"af492784a42768ec0c2ff0ccf7a1e055","4.5.1","0.6.21"
7,TRUE,TRUE,"usable",0.751947050122106,2026101204,"af492784a42768ec0c2ff0ccf7a1e055","4.5.1","0.6.21"
8,TRUE,TRUE,"usable",0.77759420542124,2026101204,"af492784a42768ec0c2ff0ccf7a1e055","4.5.1","0.6.21"
9,TRUE,TRUE,"usable",0.783538944499707,2026101204,"af492784a42768ec0c2ff0ccf7a1e055","4.5.1","0.6.21"
10,TRUE,TRUE,"usable",0.753402224369624,2026101204,"af492784a42768ec0c2ff0ccf7a1e055","4.5.1","0.6.21"
11,TRUE,TRUE,"usable",0.819501220265813,2026101204,"af492784a42768ec0c2ff0ccf7a1e055","4.5.1","0.6.21"
12,TRUE,TRUE,"usable",0.802575924064274,2026101204,"af492784a42768ec0c2ff0ccf7a1e055","4.5.1","0.6.21"
13,TRUE,TRUE,"usable",0.810650808729317,2026101204,"af492784a42768ec0c2ff0ccf7a1e055","4.5.1","0.6.21"
14,TRUE,TRUE,"usable",0.780462100596921,2026101204,"af492784a42768ec0c2ff0ccf7a1e055","4.5.1","0.6.21"
15,TRUE,TRUE,"usable",0.770279400220292,2026101204,"af492784a42768ec0c2ff0ccf7a1e055","4.5.1","0.6.21"
16,TRUE,TRUE,"usable",0.789294643323799,2026101204,"af492784a42768ec0c2ff0ccf7a1e055","4.5.1","0.6.21"
17,TRUE,TRUE,"usable",0.810780628436259,2026101204,"af492784a42768ec0c2ff0ccf7a1e055","4.5.1","0.6.21"
18,TRUE,TRUE,"usable",0.765978119392471,2026101204,"af492784a42768ec0c2ff0ccf7a1e055","4.5.1","0.6.21"
19,TRUE,TRUE,"usable",0.804336551926937,2026101204,"af492784a42768ec0c2ff0ccf7a1e055","4.5.1","0.6.21"
20,TRUE,TRUE,"usable",0.804305067571424,2026101204,"af492784a42768ec0c2ff0ccf7a1e055","4.5.1","0.6.21"
21,TRUE,TRUE,"usable",0.811997709994206,2026101204,"af492784a42768ec0c2ff0ccf7a1e055","4.5.1","0.6.21"
22,TRUE,TRUE,"usable",0.778075337251508,2026101204,"af492784a42768ec0c2ff0ccf7a1e055","4.5.1","0.6.21"
23,TRUE,TRUE,"usable",0.783502427493313,2026101204,"af492784a42768ec0c2ff0ccf7a1e055","4.5.1","0.6.21"
24,TRUE,TRUE,"usable",0.80279648596109,2026101204,"af492784a42768ec0c2ff0ccf7a1e055","4.5.1","0.6.21"
25,TRUE,TRUE,"usable",0.806571997148423,2026101204,"af492784a42768ec0c2ff0ccf7a1e055","4.5.1","0.6.21"
26,TRUE,TRUE,"usable",0.80645843443249,2026101204,"af492784a42768ec0c2ff0ccf7a1e055","4.5.1","0.6.21"
27,TRUE,TRUE,"usable",0.804587490729231,2026101204,"af492784a42768ec0c2ff0ccf7a1e055","4.5.1","0.6.21"
28,TRUE,TRUE,"usable",0.821621260370677,2026101204,"af492784a42768ec0c2ff0ccf7a1e055","4.5.1","0.6.21"
29,TRUE,TRUE,"usable",0.791064439836773,2026101204,"af492784a42768ec0c2ff0ccf7a1e055","4.5.1","0.6.21"
30,TRUE,TRUE,"usable",0.767956324357712,2026101204,"af492784a42768ec0c2ff0ccf7a1e055","4.5.1","0.6.21"
31,TRUE,TRUE,"usable",0.810702299440883,2026101204,"af492784a42768ec0c2ff0ccf7a1e055","4.5.1","0.6.21"
32,TRUE,TRUE,"usable",0.823300543537985,2026101204,"af492784a42768ec0c2ff0ccf7a1e055","4.5.1","0.6.21"
33,TRUE,TRUE,"usable",0.797707400311139,2026101204,"af492784a42768ec0c2ff0ccf7a1e055","4.5.1","0.6.21"
34,TRUE,TRUE,"usable",0.791240465156886,2026101204,"af492784a42768ec0c2ff0ccf7a1e055","4.5.1","0.6.21"
35,TRUE,TRUE,"usable",0.790114764793825,2026101204,"af492784a42768ec0c2ff0ccf7a1e055","4.5.1","0.6.21"
36,TRUE,TRUE,"usable",0.764716570188491,2026101204,"af492784a42768ec0c2ff0ccf7a1e055","4.5.1","0.6.21"
37,TRUE,TRUE,"usable",0.762845453131828,2026101204,"af492784a42768ec0c2ff0ccf7a1e055","4.5.1","0.6.21"
38,TRUE,TRUE,"usable",0.828677130472279,2026101204,"af492784a42768ec0c2ff0ccf7a1e055","4.5.1","0.6.21"
39,TRUE,TRUE,"usable",0.8001548461136,2026101204,"af492784a42768ec0c2ff0ccf7a1e055","4.5.1","0.6.21"
40,TRUE,TRUE,"usable",0.801359648413205,2026101204,"af492784a42768ec0c2ff0ccf7a1e055","4.5.1","0.6.21"
41,TRUE,TRUE,"usable",0.783818805369117,2026101204,"af492784a42768ec0c2ff0ccf7a1e055","4.5.1","0.6.21"
42,TRUE,TRUE,"usable",0.790639674908947,2026101204,"af492784a42768ec0c2ff0ccf7a1e055","4.5.1","0.6.21"
43,TRUE,TRUE,"usable",0.799664473824229,2026101204,"af492784a42768ec0c2ff0ccf7a1e055","4.5.1","0.6.21"
44,TRUE,TRUE,"usable",0.798969508311217,2026101204,"af492784a42768ec0c2ff0ccf7a1e055","4.5.1","0.6.21"
45,TRUE,TRUE,"usable",0.765080186378972,2026101204,"af492784a42768ec0c2ff0ccf7a1e055","4.5.1","0.6.21"
46,TRUE,TRUE,"usable",0.796085287638377,2026101204,"af492784a42768ec0c2ff0ccf7a1e055","4.5.1","0.6.21"
47,TRUE,TRUE,"usable",0.792316916942761,2026101204,"af492784a42768ec0c2ff0ccf7a1e055","4.5.1","0.6.21"
48,TRUE,TRUE,"usable",0.781305642520121,2026101204,"af492784a42768ec0c2ff0ccf7a1e055","4.5.1","0.6.21"
49,TRUE,TRUE,"usable",0.790110876787607,2026101204,"af492784a42768ec0c2ff0ccf7a1e055","4.5.1","0.6.21"
50,TRUE,TRUE,"usable",0.787870965363692,2026101204,"af492784a42768ec0c2ff0ccf7a1e055","4.5.1","0.6.21"
51,TRUE,TRUE,"usable",0.804991510799817,2026101204,"af492784a42768ec0c2ff0ccf7a1e055","4.5.1","0.6.21"
52,TRUE,TRUE,"usable",0.803381239224329,2026101204,"af492784a42768ec0c2ff0ccf7a1e055","4.5.1","0.6.21"
53,TRUE,TRUE,"usable",0.811023147311568,2026101204,"af492784a42768ec0c2ff0ccf7a1e055","4.5.1","0.6.21"
54,TRUE,TRUE,"usable",0.805313489974476,2026101204,"af492784a42768ec0c2ff0ccf7a1e055","4.5.1","0.6.21"
55,TRUE,TRUE,"usable",0.81358413153923,2026101204,"af492784a42768ec0c2ff0ccf7a1e055","4.5.1","0.6.21"
56,TRUE,TRUE,"usable",0.807168655575629,2026101204,"af492784a42768ec0c2ff0ccf7a1e055","4.5.1","0.6.21"
57,TRUE,TRUE,"usable",0.764364717640395,2026101204,"af492784a42768ec0c2ff0ccf7a1e055","4.5.1","0.6.21"
58,TRUE,TRUE,"usable",0.797752397278737,2026101204,"af492784a42768ec0c2ff0ccf7a1e055","4.5.1","0.6.21"
59,TRUE,TRUE,"usable",0.779625246824302,2026101204,"af492784a42768ec0c2ff0ccf7a1e055","4.5.1","0.6.21"
60,TRUE,TRUE,"usable",0.83289910795726,2026101204,"af492784a42768ec0c2ff0ccf7a1e055","4.5.1","0.6.21"
61,TRUE,TRUE,"usable",0.79119044755942,2026101204,"af492784a42768ec0c2ff0ccf7a1e055","4.5.1","0.6.21"
62,TRUE,TRUE,"usable",0.75693769263667,2026101204,"af492784a42768ec0c2ff0ccf7a1e055","4.5.1","0.6.21"
63,TRUE,TRUE,"usable",0.799195823808732,2026101204,"af492784a42768ec0c2ff0ccf7a1e055","4.5.1","0.6.21"
64,TRUE,TRUE,"usable",0.766005017903408,2026101204,"af492784a42768ec0c2ff0ccf7a1e055","4.5.1","0.6.21"
65,TRUE,TRUE,"usable",0.787230126400692,2026101204,"af492784a42768ec0c2ff0ccf7a1e055","4.5.1","0.6.21"
66,TRUE,TRUE,"usable",0.78989087857989,2026101204,"af492784a42768ec0c2ff0ccf7a1e055","4.5.1","0.6.21"
67,TRUE,TRUE,"usable",0.807823942102795,2026101204,"af492784a42768ec0c2ff0ccf7a1e055","4.5.1","0.6.21"
68,TRUE,TRUE,"usable",0.782282359503381,2026101204,"af492784a42768ec0c2ff0ccf7a1e055","4.5.1","0.6.21"
69,TRUE,TRUE,"usable",0.837540903093125,2026101204,"af492784a42768ec0c2ff0ccf7a1e055","4.5.1","0.6.21"
70,TRUE,TRUE,"usable",0.808802602103003,2026101204,"af492784a42768ec0c2ff0ccf7a1e055","4.5.1","0.6.21"
71,TRUE,TRUE,"usable",0.794855382753909,2026101204,"af492784a42768ec0c2ff0ccf7a1e055","4.5.1","0.6.21"
72,TRUE,TRUE,"usable",0.807038562594696,2026101204,"af492784a42768ec0c2ff0ccf7a1e055","4.5.1","0.6.21"
73,TRUE,TRUE,"usable",0.761173032736576,2026101204,"af492784a42768ec0c2ff0ccf7a1e055","4.5.1","0.6.21"
74,TRUE,TRUE,"usable",0.792419468286798,2026101204,"af492784a42768ec0c2ff0ccf7a1e055","4.5.1","0.6.21"
75,TRUE,TRUE,"usable",0.804627436501542,2026101204,"af492784a42768ec0c2ff0ccf7a1e055","4.5.1","0.6.21"
76,TRUE,TRUE,"usable",0.803529233989462,2026101204,"af492784a42768ec0c2ff0ccf7a1e055","4.5.1","0.6.21"
77,TRUE,TRUE,"usable",0.811359204139492,2026101204,"af492784a42768ec0c2ff0ccf7a1e055","4.5.1","0.6.21"
78,TRUE,TRUE,"usable",0.803698846086919,2026101204,"af492784a42768ec0c2ff0ccf7a1e055","4.5.1","0.6.21"
79,TRUE,TRUE,"usable",0.79961736207739,2026101204,"af492784a42768ec0c2ff0ccf7a1e055","4.5.1","0.6.21"
80,TRUE,TRUE,"usable",0.796148042667294,2026101204,"af492784a42768ec0c2ff0ccf7a1e055","4.5.1","0.6.21"
81,TRUE,TRUE,"usable",0.788759349605347,2026101204,"af492784a42768ec0c2ff0ccf7a1e055","4.5.1","0.6.21"
82,TRUE,TRUE,"usable",0.785986102836884,2026101204,"af492784a42768ec0c2ff0ccf7a1e055","4.5.1","0.6.21"
83,TRUE,TRUE,"usable",0.781099474811799,2026101204,"af492784a42768ec0c2ff0ccf7a1e055","4.5.1","0.6.21"
84,TRUE,TRUE,"usable",0.775184138873871,2026101204,"af492784a42768ec0c2ff0ccf7a1e055","4.5.1","0.6.21"
85,TRUE,TRUE,"usable",0.795127258045811,2026101204,"af492784a42768ec0c2ff0ccf7a1e055","4.5.1","0.6.21"
86,TRUE,TRUE,"usable",0.756344521524001,2026101204,"af492784a42768ec0c2ff0ccf7a1e055","4.5.1","0.6.21"
87,TRUE,TRUE,"usable",0.799300534899443,2026101204,"af492784a42768ec0c2ff0ccf7a1e055","4.5.1","0.6.21"
88,TRUE,TRUE,"usable",0.806337896294065,2026101204,"af492784a42768ec0c2ff0ccf7a1e055","4.5.1","0.6.21"
89,TRUE,TRUE,"usable",0.800012864053187,2026101204,"af492784a42768ec0c2ff0ccf7a1e055","4.5.1","0.6.21"
90,TRUE,TRUE,"usable",0.787770494399574,2026101204,"af492784a42768ec0c2ff0ccf7a1e055","4.5.1","0.6.21"
91,TRUE,TRUE,"usable",0.805357975241063,2026101204,"af492784a42768ec0c2ff0ccf7a1e055","4.5.1","0.6.21"
92,TRUE,TRUE,"usable",0.780763541670716,2026101204,"af492784a42768ec0c2ff0ccf7a1e055","4.5.1","0.6.21"
93,TRUE,TRUE,"usable",0.799644491496617,2026101204,"af492784a42768ec0c2ff0ccf7a1e055","4.5.1","0.6.21"
94,TRUE,TRUE,"usable",0.80286925466342,2026101204,"af492784a42768ec0c2ff0ccf7a1e055","4.5.1","0.6.21"
95,TRUE,TRUE,"usable",0.754326756659373,2026101204,"af492784a42768ec0c2ff0ccf7a1e055","4.5.1","0.6.21"
96,TRUE,TRUE,"usable",0.810956998956264,2026101204,"af492784a42768ec0c2ff0ccf7a1e055","4.5.1","0.6.21"
97,TRUE,TRUE,"usable",0.773133695258308,2026101204,"af492784a42768ec0c2ff0ccf7a1e055","4.5.1","0.6.21"
98,TRUE,TRUE,"usable",0.785591333044086,2026101204,"af492784a42768ec0c2ff0ccf7a1e055","4.5.1","0.6.21"
99,TRUE,TRUE,"usable",0.783691352214338,2026101204,"af492784a42768ec0c2ff0ccf7a1e055","4.5.1","0.6.21"
100,TRUE,TRUE,"usable",0.773570059469053,2026101204,"af492784a42768ec0c2ff0ccf7a1e055","4.5.1","0.6.21"
101,TRUE,TRUE,"usable",0.785394871848798,2026101204,"af492784a42768ec0c2ff0ccf7a1e055","4.5.1","0.6.21"
102,TRUE,TRUE,"usable",0.799413939545176,2026101204,"af492784a42768ec0c2ff0ccf7a1e055","4.5.1","0.6.21"
103,TRUE,TRUE,"usable",0.778297037661298,2026101204,"af492784a42768ec0c2ff0ccf7a1e055","4.5.1","0.6.21"
104,TRUE,TRUE,"usable",0.794486257495656,2026101204,"af492784a42768ec0c2ff0ccf7a1e055","4.5.1","0.6.21"
105,TRUE,TRUE,"usable",0.786323882847163,2026101204,"af492784a42768ec0c2ff0ccf7a1e055","4.5.1","0.6.21"
106,TRUE,TRUE,"usable",0.787623228875757,2026101204,"af492784a42768ec0c2ff0ccf7a1e055","4.5.1","0.6.21"
107,TRUE,TRUE,"usable",0.800947767277838,2026101204,"af492784a42768ec0c2ff0ccf7a1e055","4.5.1","0.6.21"
108,TRUE,TRUE,"usable",0.797226369207617,2026101204,"af492784a42768ec0c2ff0ccf7a1e055","4.5.1","0.6.21"
109,TRUE,TRUE,"usable",0.789652230438232,2026101204,"af492784a42768ec0c2ff0ccf7a1e055","4.5.1","0.6.21"
110,TRUE,TRUE,"usable",0.785365669519755,2026101204,"af492784a42768ec0c2ff0ccf7a1e055","4.5.1","0.6.21"
111,TRUE,TRUE,"usable",0.78451464044807,2026101204,"af492784a42768ec0c2ff0ccf7a1e055","4.5.1","0.6.21"
112,TRUE,TRUE,"usable",0.795055780115291,2026101204,"af492784a42768ec0c2ff0ccf7a1e055","4.5.1","0.6.21"
113,TRUE,TRUE,"usable",0.772556634514691,2026101204,"af492784a42768ec0c2ff0ccf7a1e055","4.5.1","0.6.21"
114,TRUE,TRUE,"usable",0.813444031734886,2026101204,"af492784a42768ec0c2ff0ccf7a1e055","4.5.1","0.6.21"
115,TRUE,TRUE,"usable",0.74450404441796,2026101204,"af492784a42768ec0c2ff0ccf7a1e055","4.5.1","0.6.21"
116,TRUE,TRUE,"usable",0.760287376190929,2026101204,"af492784a42768ec0c2ff0ccf7a1e055","4.5.1","0.6.21"
117,TRUE,TRUE,"usable",0.810995527489566,2026101204,"af492784a42768ec0c2ff0ccf7a1e055","4.5.1","0.6.21"
118,TRUE,TRUE,"usable",0.794360971830809,2026101204,"af492784a42768ec0c2ff0ccf7a1e055","4.5.1","0.6.21"
119,TRUE,TRUE,"usable",0.805465613011118,2026101204,"af492784a42768ec0c2ff0ccf7a1e055","4.5.1","0.6.21"
120,TRUE,TRUE,"usable",0.781229351759814,2026101204,"af492784a42768ec0c2ff0ccf7a1e055","4.5.1","0.6.21"
121,TRUE,TRUE,"usable",0.797501740736613,2026101204,"af492784a42768ec0c2ff0ccf7a1e055","4.5.1","0.6.21"
122,TRUE,TRUE,"usable",0.805452965216186,2026101204,"af492784a42768ec0c2ff0ccf7a1e055","4.5.1","0.6.21"
123,TRUE,TRUE,"usable",0.807863693061914,2026101204,"af492784a42768ec0c2ff0ccf7a1e055","4.5.1","0.6.21"
124,TRUE,TRUE,"usable",0.797734680136276,2026101204,"af492784a42768ec0c2ff0ccf7a1e055","4.5.1","0.6.21"
125,TRUE,TRUE,"usable",0.778322461231786,2026101204,"af492784a42768ec0c2ff0ccf7a1e055","4.5.1","0.6.21"
126,TRUE,TRUE,"usable",0.746175593192033,2026101204,"af492784a42768ec0c2ff0ccf7a1e055","4.5.1","0.6.21"
127,TRUE,TRUE,"usable",0.788074768994965,2026101204,"af492784a42768ec0c2ff0ccf7a1e055","4.5.1","0.6.21"
128,TRUE,TRUE,"usable",0.76545049100201,2026101204,"af492784a42768ec0c2ff0ccf7a1e055","4.5.1","0.6.21"
129,TRUE,TRUE,"usable",0.79549773052549,2026101204,"af492784a42768ec0c2ff0ccf7a1e055","4.5.1","0.6.21"
130,TRUE,TRUE,"usable",0.774504703751999,2026101204,"af492784a42768ec0c2ff0ccf7a1e055","4.5.1","0.6.21"
131,TRUE,TRUE,"usable",0.78120214909498,2026101204,"af492784a42768ec0c2ff0ccf7a1e055","4.5.1","0.6.21"
132,TRUE,TRUE,"usable",0.776089619952363,2026101204,"af492784a42768ec0c2ff0ccf7a1e055","4.5.1","0.6.21"
133,TRUE,TRUE,"usable",0.770682915004356,2026101204,"af492784a42768ec0c2ff0ccf7a1e055","4.5.1","0.6.21"
134,TRUE,TRUE,"usable",0.813543718023665,2026101204,"af492784a42768ec0c2ff0ccf7a1e055","4.5.1","0.6.21"
135,TRUE,TRUE,"usable",0.810479612937943,2026101204,"af492784a42768ec0c2ff0ccf7a1e055","4.5.1","0.6.21"
136,TRUE,TRUE,"usable",0.813585789876565,2026101204,"af492784a42768ec0c2ff0ccf7a1e055","4.5.1","0.6.21"
137,TRUE,TRUE,"usable",0.803924780590986,2026101204,"af492784a42768ec0c2ff0ccf7a1e055","4.5.1","0.6.21"
138,TRUE,TRUE,"usable",0.790809361276725,2026101204,"af492784a42768ec0c2ff0ccf7a1e055","4.5.1","0.6.21"
139,TRUE,TRUE,"usable",0.805754800692905,2026101204,"af492784a42768ec0c2ff0ccf7a1e055","4.5.1","0.6.21"
140,TRUE,TRUE,"usable",0.771753280177619,2026101204,"af492784a42768ec0c2ff0ccf7a1e055","4.5.1","0.6.21"
141,TRUE,TRUE,"usable",0.772341855083916,2026101204,"af492784a42768ec0c2ff0ccf7a1e055","4.5.1","0.6.21"
142,TRUE,TRUE,"usable",0.781118968000122,2026101204,"af492784a42768ec0c2ff0ccf7a1e055","4.5.1","0.6.21"
143,TRUE,TRUE,"usable",0.792743164916695,2026101204,"af492784a42768ec0c2ff0ccf7a1e055","4.5.1","0.6.21"
144,TRUE,TRUE,"usable",0.800997153626419,2026101204,"af492784a42768ec0c2ff0ccf7a1e055","4.5.1","0.6.21"
145,TRUE,TRUE,"usable",0.787768066945368,2026101204,"af492784a42768ec0c2ff0ccf7a1e055","4.5.1","0.6.21"
146,TRUE,TRUE,"usable",0.787399561933379,2026101204,"af492784a42768ec0c2ff0ccf7a1e055","4.5.1","0.6.21"
147,TRUE,TRUE,"usable",0.804070726481844,2026101204,"af492784a42768ec0c2ff0ccf7a1e055","4.5.1","0.6.21"
148,TRUE,TRUE,"usable",0.82413790313281,2026101204,"af492784a42768ec0c2ff0ccf7a1e055","4.5.1","0.6.21"
149,TRUE,TRUE,"usable",0.816280923006185,2026101204,"af492784a42768ec0c2ff0ccf7a1e055","4.5.1","0.6.21"
150,TRUE,TRUE,"usable",0.812453338801667,2026101204,"af492784a42768ec0c2ff0ccf7a1e055","4.5.1","0.6.21"
151,TRUE,TRUE,"usable",0.808025269025993,2026101204,"af492784a42768ec0c2ff0ccf7a1e055","4.5.1","0.6.21"
152,TRUE,TRUE,"usable",0.790553936187916,2026101204,"af492784a42768ec0c2ff0ccf7a1e055","4.5.1","0.6.21"
153,TRUE,TRUE,"usable",0.816704876648971,2026101204,"af492784a42768ec0c2ff0ccf7a1e055","4.5.1","0.6.21"
154,TRUE,TRUE,"usable",0.802255580627534,2026101204,"af492784a42768ec0c2ff0ccf7a1e055","4.5.1","0.6.21"
155,TRUE,TRUE,"usable",0.76535069469448,2026101204,"af492784a42768ec0c2ff0ccf7a1e055","4.5.1","0.6.21"
156,TRUE,TRUE,"usable",0.808740966395343,2026101204,"af492784a42768ec0c2ff0ccf7a1e055","4.5.1","0.6.21"
157,TRUE,TRUE,"usable",0.800948054032452,2026101204,"af492784a42768ec0c2ff0ccf7a1e055","4.5.1","0.6.21"
158,TRUE,TRUE,"usable",0.800331591075091,2026101204,"af492784a42768ec0c2ff0ccf7a1e055","4.5.1","0.6.21"
159,TRUE,TRUE,"usable",0.791473394859226,2026101204,"af492784a42768ec0c2ff0ccf7a1e055","4.5.1","0.6.21"
160,TRUE,TRUE,"usable",0.781164085427077,2026101204,"af492784a42768ec0c2ff0ccf7a1e055","4.5.1","0.6.21"
161,TRUE,TRUE,"usable",0.800139340125994,2026101204,"af492784a42768ec0c2ff0ccf7a1e055","4.5.1","0.6.21"
162,TRUE,TRUE,"usable",0.764046381665798,2026101204,"af492784a42768ec0c2ff0ccf7a1e055","4.5.1","0.6.21"
163,TRUE,TRUE,"usable",0.81107057485625,2026101204,"af492784a42768ec0c2ff0ccf7a1e055","4.5.1","0.6.21"
164,TRUE,TRUE,"usable",0.817300944417068,2026101204,"af492784a42768ec0c2ff0ccf7a1e055","4.5.1","0.6.21"
165,TRUE,TRUE,"usable",0.76301710605717,2026101204,"af492784a42768ec0c2ff0ccf7a1e055","4.5.1","0.6.21"
166,TRUE,TRUE,"usable",0.759720837351368,2026101204,"af492784a42768ec0c2ff0ccf7a1e055","4.5.1","0.6.21"
167,TRUE,TRUE,"usable",0.797291594667775,2026101204,"af492784a42768ec0c2ff0ccf7a1e055","4.5.1","0.6.21"
168,TRUE,TRUE,"usable",0.784021439820179,2026101204,"af492784a42768ec0c2ff0ccf7a1e055","4.5.1","0.6.21"
169,TRUE,TRUE,"usable",0.792987217352542,2026101204,"af492784a42768ec0c2ff0ccf7a1e055","4.5.1","0.6.21"
170,TRUE,TRUE,"usable",0.825025429097099,2026101204,"af492784a42768ec0c2ff0ccf7a1e055","4.5.1","0.6.21"
171,TRUE,TRUE,"usable",0.792564398108386,2026101204,"af492784a42768ec0c2ff0ccf7a1e055","4.5.1","0.6.21"
172,TRUE,TRUE,"usable",0.795973408556864,2026101204,"af492784a42768ec0c2ff0ccf7a1e055","4.5.1","0.6.21"
173,TRUE,TRUE,"usable",0.761843822050763,2026101204,"af492784a42768ec0c2ff0ccf7a1e055","4.5.1","0.6.21"
174,TRUE,TRUE,"usable",0.756704633422309,2026101204,"af492784a42768ec0c2ff0ccf7a1e055","4.5.1","0.6.21"
175,TRUE,TRUE,"usable",0.80930939399743,2026101204,"af492784a42768ec0c2ff0ccf7a1e055","4.5.1","0.6.21"
176,TRUE,TRUE,"usable",0.767152324777432,2026101204,"af492784a42768ec0c2ff0ccf7a1e055","4.5.1","0.6.21"
177,TRUE,TRUE,"usable",0.794166797776672,2026101204,"af492784a42768ec0c2ff0ccf7a1e055","4.5.1","0.6.21"
178,TRUE,TRUE,"usable",0.742070807417615,2026101204,"af492784a42768ec0c2ff0ccf7a1e055","4.5.1","0.6.21"
179,TRUE,TRUE,"usable",0.791117473233403,2026101204,"af492784a42768ec0c2ff0ccf7a1e055","4.5.1","0.6.21"
180,TRUE,TRUE,"usable",0.809595399407868,2026101204,"af492784a42768ec0c2ff0ccf7a1e055","4.5.1","0.6.21"
181,TRUE,TRUE,"usable",0.809179756121114,2026101204,"af492784a42768ec0c2ff0ccf7a1e055","4.5.1","0.6.21"
182,TRUE,TRUE,"usable",0.782358046022547,2026101204,"af492784a42768ec0c2ff0ccf7a1e055","4.5.1","0.6.21"
183,TRUE,TRUE,"usable",0.814011226945649,2026101204,"af492784a42768ec0c2ff0ccf7a1e055","4.5.1","0.6.21"
184,TRUE,TRUE,"usable",0.741759330262987,2026101204,"af492784a42768ec0c2ff0ccf7a1e055","4.5.1","0.6.21"
185,TRUE,TRUE,"usable",0.800522049908378,2026101204,"af492784a42768ec0c2ff0ccf7a1e055","4.5.1","0.6.21"
186,TRUE,TRUE,"usable",0.779709776049592,2026101204,"af492784a42768ec0c2ff0ccf7a1e055","4.5.1","0.6.21"
187,TRUE,TRUE,"usable",0.792516778746102,2026101204,"af492784a42768ec0c2ff0ccf7a1e055","4.5.1","0.6.21"
188,TRUE,TRUE,"usable",0.79151524221509,2026101204,"af492784a42768ec0c2ff0ccf7a1e055","4.5.1","0.6.21"
189,TRUE,TRUE,"usable",0.817149202623382,2026101204,"af492784a42768ec0c2ff0ccf7a1e055","4.5.1","0.6.21"
190,TRUE,TRUE,"usable",0.806071810943617,2026101204,"af492784a42768ec0c2ff0ccf7a1e055","4.5.1","0.6.21"
191,TRUE,TRUE,"usable",0.813086745857924,2026101204,"af492784a42768ec0c2ff0ccf7a1e055","4.5.1","0.6.21"
192,TRUE,TRUE,"usable",0.811475307939244,2026101204,"af492784a42768ec0c2ff0ccf7a1e055","4.5.1","0.6.21"
193,TRUE,TRUE,"usable",0.774858882554472,2026101204,"af492784a42768ec0c2ff0ccf7a1e055","4.5.1","0.6.21"
194,TRUE,TRUE,"usable",0.785921844907235,2026101204,"af492784a42768ec0c2ff0ccf7a1e055","4.5.1","0.6.21"
195,TRUE,TRUE,"usable",0.834786169020363,2026101204,"af492784a42768ec0c2ff0ccf7a1e055","4.5.1","0.6.21"
196,TRUE,TRUE,"usable",0.79373687374442,2026101204,"af492784a42768ec0c2ff0ccf7a1e055","4.5.1","0.6.21"
197,TRUE,TRUE,"usable",0.790516279066261,2026101204,"af492784a42768ec0c2ff0ccf7a1e055","4.5.1","0.6.21"
198,TRUE,TRUE,"usable",0.781906336026501,2026101204,"af492784a42768ec0c2ff0ccf7a1e055","4.5.1","0.6.21"
199,TRUE,TRUE,"usable",0.813862750348266,2026101204,"af492784a42768ec0c2ff0ccf7a1e055","4.5.1","0.6.21"
200,TRUE,TRUE,"usable",0.789405952584232,2026101204,"af492784a42768ec0c2ff0ccf7a1e055","4.5.1","0.6.21"
201,TRUE,TRUE,"usable",0.793234132191725,2026101204,"af492784a42768ec0c2ff0ccf7a1e055","4.5.1","0.6.21"
202,TRUE,TRUE,"usable",0.782874993676319,2026101204,"af492784a42768ec0c2ff0ccf7a1e055","4.5.1","0.6.21"
203,TRUE,TRUE,"usable",0.806019858042657,2026101204,"af492784a42768ec0c2ff0ccf7a1e055","4.5.1","0.6.21"
204,TRUE,TRUE,"usable",0.775423657593142,2026101204,"af492784a42768ec0c2ff0ccf7a1e055","4.5.1","0.6.21"
205,TRUE,TRUE,"usable",0.791971474507158,2026101204,"af492784a42768ec0c2ff0ccf7a1e055","4.5.1","0.6.21"
206,TRUE,TRUE,"usable",0.785082425767794,2026101204,"af492784a42768ec0c2ff0ccf7a1e055","4.5.1","0.6.21"
207,TRUE,TRUE,"usable",0.8340606569689,2026101204,"af492784a42768ec0c2ff0ccf7a1e055","4.5.1","0.6.21"
208,TRUE,TRUE,"usable",0.806264857544347,2026101204,"af492784a42768ec0c2ff0ccf7a1e055","4.5.1","0.6.21"
209,TRUE,TRUE,"usable",0.764975637612342,2026101204,"af492784a42768ec0c2ff0ccf7a1e055","4.5.1","0.6.21"
210,TRUE,TRUE,"usable",0.785772549478676,2026101204,"af492784a42768ec0c2ff0ccf7a1e055","4.5.1","0.6.21"
211,TRUE,TRUE,"usable",0.759953959644015,2026101204,"af492784a42768ec0c2ff0ccf7a1e055","4.5.1","0.6.21"
212,TRUE,TRUE,"usable",0.769947369451153,2026101204,"af492784a42768ec0c2ff0ccf7a1e055","4.5.1","0.6.21"
213,TRUE,TRUE,"usable",0.776824558555054,2026101204,"af492784a42768ec0c2ff0ccf7a1e055","4.5.1","0.6.21"
214,TRUE,TRUE,"usable",0.773463937912726,2026101204,"af492784a42768ec0c2ff0ccf7a1e055","4.5.1","0.6.21"
215,TRUE,TRUE,"usable",0.767902584281988,2026101204,"af492784a42768ec0c2ff0ccf7a1e055","4.5.1","0.6.21"
216,TRUE,TRUE,"usable",0.810757686158377,2026101204,"af492784a42768ec0c2ff0ccf7a1e055","4.5.1","0.6.21"
217,TRUE,TRUE,"usable",0.775056434651418,2026101204,"af492784a42768ec0c2ff0ccf7a1e055","4.5.1","0.6.21"
218,TRUE,TRUE,"usable",0.801445675185783,2026101204,"af492784a42768ec0c2ff0ccf7a1e055","4.5.1","0.6.21"
219,TRUE,TRUE,"usable",0.799689833166427,2026101204,"af492784a42768ec0c2ff0ccf7a1e055","4.5.1","0.6.21"
220,TRUE,TRUE,"usable",0.821724427395876,2026101204,"af492784a42768ec0c2ff0ccf7a1e055","4.5.1","0.6.21"
221,TRUE,TRUE,"usable",0.805840120374699,2026101204,"af492784a42768ec0c2ff0ccf7a1e055","4.5.1","0.6.21"
222,TRUE,TRUE,"usable",0.752509155248809,2026101204,"af492784a42768ec0c2ff0ccf7a1e055","4.5.1","0.6.21"
223,TRUE,TRUE,"usable",0.789321544957003,2026101204,"af492784a42768ec0c2ff0ccf7a1e055","4.5.1","0.6.21"
224,TRUE,TRUE,"usable",0.788338051532799,2026101204,"af492784a42768ec0c2ff0ccf7a1e055","4.5.1","0.6.21"
225,TRUE,TRUE,"usable",0.784173958698853,2026101204,"af492784a42768ec0c2ff0ccf7a1e055","4.5.1","0.6.21"
226,TRUE,TRUE,"usable",0.822605184874423,2026101204,"af492784a42768ec0c2ff0ccf7a1e055","4.5.1","0.6.21"
227,TRUE,TRUE,"usable",0.804711224783159,2026101204,"af492784a42768ec0c2ff0ccf7a1e055","4.5.1","0.6.21"
228,TRUE,TRUE,"usable",0.772787409476702,2026101204,"af492784a42768ec0c2ff0ccf7a1e055","4.5.1","0.6.21"
229,TRUE,TRUE,"usable",0.808373203371043,2026101204,"af492784a42768ec0c2ff0ccf7a1e055","4.5.1","0.6.21"
230,TRUE,TRUE,"usable",0.748051143271893,2026101204,"af492784a42768ec0c2ff0ccf7a1e055","4.5.1","0.6.21"
231,TRUE,TRUE,"usable",0.77980186910247,2026101204,"af492784a42768ec0c2ff0ccf7a1e055","4.5.1","0.6.21"
232,TRUE,TRUE,"usable",0.809036987057817,2026101204,"af492784a42768ec0c2ff0ccf7a1e055","4.5.1","0.6.21"
233,TRUE,TRUE,"usable",0.763797190729695,2026101204,"af492784a42768ec0c2ff0ccf7a1e055","4.5.1","0.6.21"
234,TRUE,TRUE,"usable",0.771818817862515,2026101204,"af492784a42768ec0c2ff0ccf7a1e055","4.5.1","0.6.21"
235,TRUE,TRUE,"usable",0.811562149244517,2026101204,"af492784a42768ec0c2ff0ccf7a1e055","4.5.1","0.6.21"
236,TRUE,TRUE,"usable",0.800756787741271,2026101204,"af492784a42768ec0c2ff0ccf7a1e055","4.5.1","0.6.21"
237,TRUE,TRUE,"usable",0.763720384593477,2026101204,"af492784a42768ec0c2ff0ccf7a1e055","4.5.1","0.6.21"
238,TRUE,TRUE,"usable",0.753374670113793,2026101204,"af492784a42768ec0c2ff0ccf7a1e055","4.5.1","0.6.21"
239,TRUE,TRUE,"usable",0.779867047062804,2026101204,"af492784a42768ec0c2ff0ccf7a1e055","4.5.1","0.6.21"
240,TRUE,TRUE,"usable",0.781724390804835,2026101204,"af492784a42768ec0c2ff0ccf7a1e055","4.5.1","0.6.21"
241,TRUE,TRUE,"usable",0.81573852196234,2026101204,"af492784a42768ec0c2ff0ccf7a1e055","4.5.1","0.6.21"
242,TRUE,TRUE,"usable",0.793504407193008,2026101204,"af492784a42768ec0c2ff0ccf7a1e055","4.5.1","0.6.21"
243,TRUE,TRUE,"usable",0.793531671934552,2026101204,"af492784a42768ec0c2ff0ccf7a1e055","4.5.1","0.6.21"
244,TRUE,TRUE,"usable",0.812328513515626,2026101204,"af492784a42768ec0c2ff0ccf7a1e055","4.5.1","0.6.21"
245,TRUE,TRUE,"usable",0.790313826119387,2026101204,"af492784a42768ec0c2ff0ccf7a1e055","4.5.1","0.6.21"
246,TRUE,TRUE,"usable",0.79400635163347,2026101204,"af492784a42768ec0c2ff0ccf7a1e055","4.5.1","0.6.21"
247,TRUE,TRUE,"usable",0.7902235513353,2026101204,"af492784a42768ec0c2ff0ccf7a1e055","4.5.1","0.6.21"
248,TRUE,TRUE,"usable",0.818121298623236,2026101204,"af492784a42768ec0c2ff0ccf7a1e055","4.5.1","0.6.21"
249,TRUE,TRUE,"usable",0.8086107341322,2026101204,"af492784a42768ec0c2ff0ccf7a1e055","4.5.1","0.6.21"
250,TRUE,TRUE,"usable",0.781189405504206,2026101204,"af492784a42768ec0c2ff0ccf7a1e055","4.5.1","0.6.21"
251,TRUE,TRUE,"usable",0.79560224393504,2026101204,"af492784a42768ec0c2ff0ccf7a1e055","4.5.1","0.6.21"
252,TRUE,TRUE,"usable",0.783464170604954,2026101204,"af492784a42768ec0c2ff0ccf7a1e055","4.5.1","0.6.21"
253,TRUE,TRUE,"usable",0.78755521818317,2026101204,"af492784a42768ec0c2ff0ccf7a1e055","4.5.1","0.6.21"
254,TRUE,TRUE,"usable",0.819395814165486,2026101204,"af492784a42768ec0c2ff0ccf7a1e055","4.5.1","0.6.21"
255,TRUE,TRUE,"usable",0.797622231462567,2026101204,"af492784a42768ec0c2ff0ccf7a1e055","4.5.1","0.6.21"
256,TRUE,TRUE,"usable",0.770142397492855,2026101204,"af492784a42768ec0c2ff0ccf7a1e055","4.5.1","0.6.21"
257,TRUE,TRUE,"usable",0.76203336254454,2026101204,"af492784a42768ec0c2ff0ccf7a1e055","4.5.1","0.6.21"
258,TRUE,TRUE,"usable",0.763941975711618,2026101204,"af492784a42768ec0c2ff0ccf7a1e055","4.5.1","0.6.21"
259,TRUE,TRUE,"usable",0.798781908949936,2026101204,"af492784a42768ec0c2ff0ccf7a1e055","4.5.1","0.6.21"
260,TRUE,TRUE,"usable",0.784554749052465,2026101204,"af492784a42768ec0c2ff0ccf7a1e055","4.5.1","0.6.21"
261,TRUE,TRUE,"usable",0.813102721789525,2026101204,"af492784a42768ec0c2ff0ccf7a1e055","4.5.1","0.6.21"
262,TRUE,TRUE,"usable",0.767768389665336,2026101204,"af492784a42768ec0c2ff0ccf7a1e055","4.5.1","0.6.21"
263,TRUE,TRUE,"usable",0.820058913768746,2026101204,"af492784a42768ec0c2ff0ccf7a1e055","4.5.1","0.6.21"
264,TRUE,TRUE,"usable",0.79466284384655,2026101204,"af492784a42768ec0c2ff0ccf7a1e055","4.5.1","0.6.21"
265,TRUE,TRUE,"usable",0.770684855145586,2026101204,"af492784a42768ec0c2ff0ccf7a1e055","4.5.1","0.6.21"
266,TRUE,TRUE,"usable",0.807780417149911,2026101204,"af492784a42768ec0c2ff0ccf7a1e055","4.5.1","0.6.21"
267,TRUE,TRUE,"usable",0.80252932749613,2026101204,"af492784a42768ec0c2ff0ccf7a1e055","4.5.1","0.6.21"
268,TRUE,TRUE,"usable",0.805113556581137,2026101204,"af492784a42768ec0c2ff0ccf7a1e055","4.5.1","0.6.21"
269,TRUE,TRUE,"usable",0.767264803275849,2026101204,"af492784a42768ec0c2ff0ccf7a1e055","4.5.1","0.6.21"
270,TRUE,TRUE,"usable",0.791750569184653,2026101204,"af492784a42768ec0c2ff0ccf7a1e055","4.5.1","0.6.21"
271,TRUE,TRUE,"usable",0.809752254590714,2026101204,"af492784a42768ec0c2ff0ccf7a1e055","4.5.1","0.6.21"
272,TRUE,TRUE,"usable",0.824150802819183,2026101204,"af492784a42768ec0c2ff0ccf7a1e055","4.5.1","0.6.21"
273,TRUE,TRUE,"usable",0.764938726159483,2026101204,"af492784a42768ec0c2ff0ccf7a1e055","4.5.1","0.6.21"
274,TRUE,TRUE,"usable",0.787121499812152,2026101204,"af492784a42768ec0c2ff0ccf7a1e055","4.5.1","0.6.21"
275,TRUE,TRUE,"usable",0.755000293078569,2026101204,"af492784a42768ec0c2ff0ccf7a1e055","4.5.1","0.6.21"
276,TRUE,TRUE,"usable",0.800473763837675,2026101204,"af492784a42768ec0c2ff0ccf7a1e055","4.5.1","0.6.21"
277,TRUE,TRUE,"usable",0.792973213754841,2026101204,"af492784a42768ec0c2ff0ccf7a1e055","4.5.1","0.6.21"
278,TRUE,TRUE,"usable",0.809419902252278,2026101204,"af492784a42768ec0c2ff0ccf7a1e055","4.5.1","0.6.21"
279,TRUE,TRUE,"usable",0.781333689181092,2026101204,"af492784a42768ec0c2ff0ccf7a1e055","4.5.1","0.6.21"
280,TRUE,TRUE,"usable",0.77560464870157,2026101204,"af492784a42768ec0c2ff0ccf7a1e055","4.5.1","0.6.21"
281,TRUE,TRUE,"usable",0.799893435171967,2026101204,"af492784a42768ec0c2ff0ccf7a1e055","4.5.1","0.6.21"
282,TRUE,TRUE,"usable",0.783875101543255,2026101204,"af492784a42768ec0c2ff0ccf7a1e055","4.5.1","0.6.21"
283,TRUE,TRUE,"usable",0.811734514502913,2026101204,"af492784a42768ec0c2ff0ccf7a1e055","4.5.1","0.6.21"
284,TRUE,TRUE,"usable",0.824701886778306,2026101204,"af492784a42768ec0c2ff0ccf7a1e055","4.5.1","0.6.21"
285,TRUE,TRUE,"usable",0.764599257114544,2026101204,"af492784a42768ec0c2ff0ccf7a1e055","4.5.1","0.6.21"
286,TRUE,TRUE,"usable",0.806377098326506,2026101204,"af492784a42768ec0c2ff0ccf7a1e055","4.5.1","0.6.21"
287,TRUE,TRUE,"usable",0.791852770756135,2026101204,"af492784a42768ec0c2ff0ccf7a1e055","4.5.1","0.6.21"
288,TRUE,TRUE,"usable",0.793504597599899,2026101204,"af492784a42768ec0c2ff0ccf7a1e055","4.5.1","0.6.21"
289,TRUE,TRUE,"usable",0.743583812510963,2026101204,"af492784a42768ec0c2ff0ccf7a1e055","4.5.1","0.6.21"
290,TRUE,TRUE,"usable",0.825032441082521,2026101204,"af492784a42768ec0c2ff0ccf7a1e055","4.5.1","0.6.21"
291,TRUE,TRUE,"usable",0.787515409750746,2026101204,"af492784a42768ec0c2ff0ccf7a1e055","4.5.1","0.6.21"
292,TRUE,TRUE,"usable",0.824270451403393,2026101204,"af492784a42768ec0c2ff0ccf7a1e055","4.5.1","0.6.21"
293,TRUE,TRUE,"usable",0.799474748733616,2026101204,"af492784a42768ec0c2ff0ccf7a1e055","4.5.1","0.6.21"
294,TRUE,TRUE,"usable",0.806121158207293,2026101204,"af492784a42768ec0c2ff0ccf7a1e055","4.5.1","0.6.21"
295,TRUE,TRUE,"usable",0.783414866100203,2026101204,"af492784a42768ec0c2ff0ccf7a1e055","4.5.1","0.6.21"
296,TRUE,TRUE,"usable",0.788506247720297,2026101204,"af492784a42768ec0c2ff0ccf7a1e055","4.5.1","0.6.21"
297,TRUE,TRUE,"usable",0.786507339799453,2026101204,"af492784a42768ec0c2ff0ccf7a1e055","4.5.1","0.6.21"
298,TRUE,TRUE,"usable",0.79466934191641,2026101204,"af492784a42768ec0c2ff0ccf7a1e055","4.5.1","0.6.21"
299,TRUE,TRUE,"usable",0.825755557201884,2026101204,"af492784a42768ec0c2ff0ccf7a1e055","4.5.1","0.6.21"
300,TRUE,TRUE,"usable",0.769104770177002,2026101204,"af492784a42768ec0c2ff0ccf7a1e055","4.5.1","0.6.21"
301,TRUE,TRUE,"usable",0.811516466914215,2026101204,"af492784a42768ec0c2ff0ccf7a1e055","4.5.1","0.6.21"
302,TRUE,TRUE,"usable",0.804199878924775,2026101204,"af492784a42768ec0c2ff0ccf7a1e055","4.5.1","0.6.21"
303,TRUE,TRUE,"usable",0.786691487516803,2026101204,"af492784a42768ec0c2ff0ccf7a1e055","4.5.1","0.6.21"
304,TRUE,TRUE,"usable",0.782786614589155,2026101204,"af492784a42768ec0c2ff0ccf7a1e055","4.5.1","0.6.21"
305,TRUE,TRUE,"usable",0.790107985074465,2026101204,"af492784a42768ec0c2ff0ccf7a1e055","4.5.1","0.6.21"
306,TRUE,TRUE,"usable",0.773721905171371,2026101204,"af492784a42768ec0c2ff0ccf7a1e055","4.5.1","0.6.21"
307,TRUE,TRUE,"usable",0.78269905686664,2026101204,"af492784a42768ec0c2ff0ccf7a1e055","4.5.1","0.6.21"
308,TRUE,TRUE,"usable",0.800619644720088,2026101204,"af492784a42768ec0c2ff0ccf7a1e055","4.5.1","0.6.21"
309,TRUE,TRUE,"usable",0.809603877494371,2026101204,"af492784a42768ec0c2ff0ccf7a1e055","4.5.1","0.6.21"
310,TRUE,TRUE,"usable",0.802236326584655,2026101204,"af492784a42768ec0c2ff0ccf7a1e055","4.5.1","0.6.21"
311,TRUE,TRUE,"usable",0.792902556768194,2026101204,"af492784a42768ec0c2ff0ccf7a1e055","4.5.1","0.6.21"
312,TRUE,TRUE,"usable",0.810908798419738,2026101204,"af492784a42768ec0c2ff0ccf7a1e055","4.5.1","0.6.21"
313,TRUE,TRUE,"usable",0.788966047094153,2026101204,"af492784a42768ec0c2ff0ccf7a1e055","4.5.1","0.6.21"
314,TRUE,TRUE,"usable",0.791636830736051,2026101204,"af492784a42768ec0c2ff0ccf7a1e055","4.5.1","0.6.21"
315,TRUE,TRUE,"usable",0.808548209822033,2026101204,"af492784a42768ec0c2ff0ccf7a1e055","4.5.1","0.6.21"
316,TRUE,TRUE,"usable",0.810982053054097,2026101204,"af492784a42768ec0c2ff0ccf7a1e055","4.5.1","0.6.21"
317,TRUE,TRUE,"usable",0.786036391179918,2026101204,"af492784a42768ec0c2ff0ccf7a1e055","4.5.1","0.6.21"
318,TRUE,TRUE,"usable",0.825626064419087,2026101204,"af492784a42768ec0c2ff0ccf7a1e055","4.5.1","0.6.21"
319,TRUE,TRUE,"usable",0.779118625825116,2026101204,"af492784a42768ec0c2ff0ccf7a1e055","4.5.1","0.6.21"
320,TRUE,TRUE,"usable",0.804762338479599,2026101204,"af492784a42768ec0c2ff0ccf7a1e055","4.5.1","0.6.21"
321,TRUE,TRUE,"usable",0.79188274821809,2026101204,"af492784a42768ec0c2ff0ccf7a1e055","4.5.1","0.6.21"
322,TRUE,TRUE,"usable",0.776836222219702,2026101204,"af492784a42768ec0c2ff0ccf7a1e055","4.5.1","0.6.21"
323,TRUE,TRUE,"usable",0.81787308870394,2026101204,"af492784a42768ec0c2ff0ccf7a1e055","4.5.1","0.6.21"
324,TRUE,TRUE,"usable",0.798630813846813,2026101204,"af492784a42768ec0c2ff0ccf7a1e055","4.5.1","0.6.21"
325,TRUE,TRUE,"usable",0.78597212126133,2026101204,"af492784a42768ec0c2ff0ccf7a1e055","4.5.1","0.6.21"
326,TRUE,TRUE,"usable",0.807972957240624,2026101204,"af492784a42768ec0c2ff0ccf7a1e055","4.5.1","0.6.21"
327,TRUE,TRUE,"usable",0.805721730300442,2026101204,"af492784a42768ec0c2ff0ccf7a1e055","4.5.1","0.6.21"
328,TRUE,TRUE,"usable",0.793007908724166,2026101204,"af492784a42768ec0c2ff0ccf7a1e055","4.5.1","0.6.21"
329,TRUE,TRUE,"usable",0.78072977399252,2026101204,"af492784a42768ec0c2ff0ccf7a1e055","4.5.1","0.6.21"
330,TRUE,TRUE,"usable",0.779839080810824,2026101204,"af492784a42768ec0c2ff0ccf7a1e055","4.5.1","0.6.21"
331,TRUE,TRUE,"usable",0.776919975148586,2026101204,"af492784a42768ec0c2ff0ccf7a1e055","4.5.1","0.6.21"
332,TRUE,TRUE,"usable",0.773823372045029,2026101204,"af492784a42768ec0c2ff0ccf7a1e055","4.5.1","0.6.21"
333,TRUE,TRUE,"usable",0.769250542013388,2026101204,"af492784a42768ec0c2ff0ccf7a1e055","4.5.1","0.6.21"
334,TRUE,TRUE,"usable",0.765630865664355,2026101204,"af492784a42768ec0c2ff0ccf7a1e055","4.5.1","0.6.21"
335,TRUE,TRUE,"usable",0.817072455784307,2026101204,"af492784a42768ec0c2ff0ccf7a1e055","4.5.1","0.6.21"
336,TRUE,TRUE,"usable",0.806581229039521,2026101204,"af492784a42768ec0c2ff0ccf7a1e055","4.5.1","0.6.21"
337,TRUE,TRUE,"usable",0.777485782744333,2026101204,"af492784a42768ec0c2ff0ccf7a1e055","4.5.1","0.6.21"
338,TRUE,TRUE,"usable",0.791472272505712,2026101204,"af492784a42768ec0c2ff0ccf7a1e055","4.5.1","0.6.21"
339,TRUE,TRUE,"usable",0.808835511358611,2026101204,"af492784a42768ec0c2ff0ccf7a1e055","4.5.1","0.6.21"
340,TRUE,TRUE,"usable",0.775739724339443,2026101204,"af492784a42768ec0c2ff0ccf7a1e055","4.5.1","0.6.21"
341,TRUE,TRUE,"usable",0.831754657818106,2026101204,"af492784a42768ec0c2ff0ccf7a1e055","4.5.1","0.6.21"
342,TRUE,TRUE,"usable",0.756794919339087,2026101204,"af492784a42768ec0c2ff0ccf7a1e055","4.5.1","0.6.21"
343,TRUE,TRUE,"usable",0.798295470223675,2026101204,"af492784a42768ec0c2ff0ccf7a1e055","4.5.1","0.6.21"
344,TRUE,TRUE,"usable",0.807632101975689,2026101204,"af492784a42768ec0c2ff0ccf7a1e055","4.5.1","0.6.21"
345,TRUE,TRUE,"usable",0.79131707847313,2026101204,"af492784a42768ec0c2ff0ccf7a1e055","4.5.1","0.6.21"
346,TRUE,TRUE,"usable",0.783472517484601,2026101204,"af492784a42768ec0c2ff0ccf7a1e055","4.5.1","0.6.21"
347,TRUE,TRUE,"usable",0.810222210845408,2026101204,"af492784a42768ec0c2ff0ccf7a1e055","4.5.1","0.6.21"
348,TRUE,TRUE,"usable",0.786506815219731,2026101204,"af492784a42768ec0c2ff0ccf7a1e055","4.5.1","0.6.21"
349,TRUE,TRUE,"usable",0.785227395817239,2026101204,"af492784a42768ec0c2ff0ccf7a1e055","4.5.1","0.6.21"
350,TRUE,TRUE,"usable",0.804956419117883,2026101204,"af492784a42768ec0c2ff0ccf7a1e055","4.5.1","0.6.21"
351,TRUE,TRUE,"usable",0.795333673257611,2026101204,"af492784a42768ec0c2ff0ccf7a1e055","4.5.1","0.6.21"
352,TRUE,TRUE,"usable",0.748990808047199,2026101204,"af492784a42768ec0c2ff0ccf7a1e055","4.5.1","0.6.21"
353,TRUE,TRUE,"usable",0.752654160555707,2026101204,"af492784a42768ec0c2ff0ccf7a1e055","4.5.1","0.6.21"
354,TRUE,TRUE,"usable",0.779860866487514,2026101204,"af492784a42768ec0c2ff0ccf7a1e055","4.5.1","0.6.21"
355,TRUE,TRUE,"usable",0.773595587534006,2026101204,"af492784a42768ec0c2ff0ccf7a1e055","4.5.1","0.6.21"
356,TRUE,TRUE,"usable",0.80524137574183,2026101204,"af492784a42768ec0c2ff0ccf7a1e055","4.5.1","0.6.21"
357,TRUE,TRUE,"usable",0.799182734717744,2026101204,"af492784a42768ec0c2ff0ccf7a1e055","4.5.1","0.6.21"
358,TRUE,TRUE,"usable",0.806623275330767,2026101204,"af492784a42768ec0c2ff0ccf7a1e055","4.5.1","0.6.21"
359,TRUE,TRUE,"usable",0.792179209335046,2026101204,"af492784a42768ec0c2ff0ccf7a1e055","4.5.1","0.6.21"
360,TRUE,TRUE,"usable",0.811929622153008,2026101204,"af492784a42768ec0c2ff0ccf7a1e055","4.5.1","0.6.21"
361,TRUE,TRUE,"usable",0.788679482208434,2026101204,"af492784a42768ec0c2ff0ccf7a1e055","4.5.1","0.6.21"
362,TRUE,TRUE,"usable",0.777095740756667,2026101204,"af492784a42768ec0c2ff0ccf7a1e055","4.5.1","0.6.21"
363,TRUE,TRUE,"usable",0.769113891507595,2026101204,"af492784a42768ec0c2ff0ccf7a1e055","4.5.1","0.6.21"
364,TRUE,TRUE,"usable",0.758725275794843,2026101204,"af492784a42768ec0c2ff0ccf7a1e055","4.5.1","0.6.21"
365,TRUE,TRUE,"usable",0.790222482571991,2026101204,"af492784a42768ec0c2ff0ccf7a1e055","4.5.1","0.6.21"
366,TRUE,TRUE,"usable",0.778234699400987,2026101204,"af492784a42768ec0c2ff0ccf7a1e055","4.5.1","0.6.21"
367,TRUE,TRUE,"usable",0.8167550048205,2026101204,"af492784a42768ec0c2ff0ccf7a1e055","4.5.1","0.6.21"
368,TRUE,TRUE,"usable",0.814989787299756,2026101204,"af492784a42768ec0c2ff0ccf7a1e055","4.5.1","0.6.21"
369,TRUE,TRUE,"usable",0.781218063858557,2026101204,"af492784a42768ec0c2ff0ccf7a1e055","4.5.1","0.6.21"
370,TRUE,TRUE,"usable",0.807413074088856,2026101204,"af492784a42768ec0c2ff0ccf7a1e055","4.5.1","0.6.21"
371,TRUE,TRUE,"usable",0.788499159322271,2026101204,"af492784a42768ec0c2ff0ccf7a1e055","4.5.1","0.6.21"
372,TRUE,TRUE,"usable",0.789697590081035,2026101204,"af492784a42768ec0c2ff0ccf7a1e055","4.5.1","0.6.21"
373,TRUE,TRUE,"usable",0.792339582612442,2026101204,"af492784a42768ec0c2ff0ccf7a1e055","4.5.1","0.6.21"
374,TRUE,TRUE,"usable",0.805696376864224,2026101204,"af492784a42768ec0c2ff0ccf7a1e055","4.5.1","0.6.21"
375,TRUE,TRUE,"usable",0.793092258631274,2026101204,"af492784a42768ec0c2ff0ccf7a1e055","4.5.1","0.6.21"
376,TRUE,TRUE,"usable",0.782810519335127,2026101204,"af492784a42768ec0c2ff0ccf7a1e055","4.5.1","0.6.21"
377,TRUE,TRUE,"usable",0.781778501420462,2026101204,"af492784a42768ec0c2ff0ccf7a1e055","4.5.1","0.6.21"
378,TRUE,TRUE,"usable",0.794569318002734,2026101204,"af492784a42768ec0c2ff0ccf7a1e055","4.5.1","0.6.21"
379,TRUE,TRUE,"usable",0.790626979290541,2026101204,"af492784a42768ec0c2ff0ccf7a1e055","4.5.1","0.6.21"
380,TRUE,TRUE,"usable",0.79133222871442,2026101204,"af492784a42768ec0c2ff0ccf7a1e055","4.5.1","0.6.21"
381,TRUE,TRUE,"usable",0.79627449751679,2026101204,"af492784a42768ec0c2ff0ccf7a1e055","4.5.1","0.6.21"
382,TRUE,TRUE,"usable",0.771265692021821,2026101204,"af492784a42768ec0c2ff0ccf7a1e055","4.5.1","0.6.21"
383,TRUE,TRUE,"usable",0.792642481412295,2026101204,"af492784a42768ec0c2ff0ccf7a1e055","4.5.1","0.6.21"
384,TRUE,TRUE,"usable",0.805023266373358,2026101204,"af492784a42768ec0c2ff0ccf7a1e055","4.5.1","0.6.21"
385,TRUE,TRUE,"usable",0.794568967977824,2026101204,"af492784a42768ec0c2ff0ccf7a1e055","4.5.1","0.6.21"
386,TRUE,TRUE,"usable",0.795146291008111,2026101204,"af492784a42768ec0c2ff0ccf7a1e055","4.5.1","0.6.21"
387,TRUE,TRUE,"usable",0.776680316594569,2026101204,"af492784a42768ec0c2ff0ccf7a1e055","4.5.1","0.6.21"
388,TRUE,TRUE,"usable",0.815789365792998,2026101204,"af492784a42768ec0c2ff0ccf7a1e055","4.5.1","0.6.21"
389,TRUE,TRUE,"usable",0.792061916735035,2026101204,"af492784a42768ec0c2ff0ccf7a1e055","4.5.1","0.6.21"
390,TRUE,TRUE,"usable",0.798849695157822,2026101204,"af492784a42768ec0c2ff0ccf7a1e055","4.5.1","0.6.21"
391,TRUE,TRUE,"usable",0.767978633221536,2026101204,"af492784a42768ec0c2ff0ccf7a1e055","4.5.1","0.6.21"
392,TRUE,TRUE,"usable",0.77939937629242,2026101204,"af492784a42768ec0c2ff0ccf7a1e055","4.5.1","0.6.21"
393,TRUE,TRUE,"usable",0.790085007912194,2026101204,"af492784a42768ec0c2ff0ccf7a1e055","4.5.1","0.6.21"
394,TRUE,TRUE,"usable",0.762952891471096,2026101204,"af492784a42768ec0c2ff0ccf7a1e055","4.5.1","0.6.21"
395,TRUE,TRUE,"usable",0.766606578084674,2026101204,"af492784a42768ec0c2ff0ccf7a1e055","4.5.1","0.6.21"
396,TRUE,TRUE,"usable",0.813125848392836,2026101204,"af492784a42768ec0c2ff0ccf7a1e055","4.5.1","0.6.21"
397,TRUE,TRUE,"usable",0.81687353548117,2026101204,"af492784a42768ec0c2ff0ccf7a1e055","4.5.1","0.6.21"
398,TRUE,TRUE,"usable",0.790977606690475,2026101204,"af492784a42768ec0c2ff0ccf7a1e055","4.5.1","0.6.21"
399,TRUE,TRUE,"usable",0.792528542387717,2026101204,"af492784a42768ec0c2ff0ccf7a1e055","4.5.1","0.6.21"
400,TRUE,TRUE,"usable",0.793716169739117,2026101204,"af492784a42768ec0c2ff0ccf7a1e055","4.5.1","0.6.21"
401,TRUE,TRUE,"usable",0.807268866803421,2026101204,"af492784a42768ec0c2ff0ccf7a1e055","4.5.1","0.6.21"
402,TRUE,TRUE,"usable",0.778590297415088,2026101204,"af492784a42768ec0c2ff0ccf7a1e055","4.5.1","0.6.21"
403,TRUE,TRUE,"usable",0.765273650282918,2026101204,"af492784a42768ec0c2ff0ccf7a1e055","4.5.1","0.6.21"
404,TRUE,TRUE,"usable",0.798334605473318,2026101204,"af492784a42768ec0c2ff0ccf7a1e055","4.5.1","0.6.21"
405,TRUE,TRUE,"usable",0.774665311530566,2026101204,"af492784a42768ec0c2ff0ccf7a1e055","4.5.1","0.6.21"
406,TRUE,TRUE,"usable",0.802170786173357,2026101204,"af492784a42768ec0c2ff0ccf7a1e055","4.5.1","0.6.21"
407,TRUE,TRUE,"usable",0.779311622302626,2026101204,"af492784a42768ec0c2ff0ccf7a1e055","4.5.1","0.6.21"
408,TRUE,TRUE,"usable",0.783755759965043,2026101204,"af492784a42768ec0c2ff0ccf7a1e055","4.5.1","0.6.21"
409,TRUE,TRUE,"usable",0.826185004881687,2026101204,"af492784a42768ec0c2ff0ccf7a1e055","4.5.1","0.6.21"
410,TRUE,TRUE,"usable",0.775409431719264,2026101204,"af492784a42768ec0c2ff0ccf7a1e055","4.5.1","0.6.21"
411,TRUE,TRUE,"usable",0.796071372925542,2026101204,"af492784a42768ec0c2ff0ccf7a1e055","4.5.1","0.6.21"
412,TRUE,TRUE,"usable",0.771149517993475,2026101204,"af492784a42768ec0c2ff0ccf7a1e055","4.5.1","0.6.21"
413,TRUE,TRUE,"usable",0.776543767302603,2026101204,"af492784a42768ec0c2ff0ccf7a1e055","4.5.1","0.6.21"
414,TRUE,TRUE,"usable",0.794082630658107,2026101204,"af492784a42768ec0c2ff0ccf7a1e055","4.5.1","0.6.21"
415,TRUE,TRUE,"usable",0.777705485297016,2026101204,"af492784a42768ec0c2ff0ccf7a1e055","4.5.1","0.6.21"
416,TRUE,TRUE,"usable",0.785868931396122,2026101204,"af492784a42768ec0c2ff0ccf7a1e055","4.5.1","0.6.21"
417,TRUE,TRUE,"usable",0.78293589271317,2026101204,"af492784a42768ec0c2ff0ccf7a1e055","4.5.1","0.6.21"
418,TRUE,TRUE,"usable",0.789447792438014,2026101204,"af492784a42768ec0c2ff0ccf7a1e055","4.5.1","0.6.21"
419,TRUE,TRUE,"usable",0.771677428344611,2026101204,"af492784a42768ec0c2ff0ccf7a1e055","4.5.1","0.6.21"
420,TRUE,TRUE,"usable",0.807414400551672,2026101204,"af492784a42768ec0c2ff0ccf7a1e055","4.5.1","0.6.21"
421,TRUE,TRUE,"usable",0.807019683792246,2026101204,"af492784a42768ec0c2ff0ccf7a1e055","4.5.1","0.6.21"
422,TRUE,TRUE,"usable",0.830254643168781,2026101204,"af492784a42768ec0c2ff0ccf7a1e055","4.5.1","0.6.21"
423,TRUE,TRUE,"usable",0.811032242745747,2026101204,"af492784a42768ec0c2ff0ccf7a1e055","4.5.1","0.6.21"
424,TRUE,TRUE,"usable",0.812468228339779,2026101204,"af492784a42768ec0c2ff0ccf7a1e055","4.5.1","0.6.21"
425,TRUE,TRUE,"usable",0.803894564984308,2026101204,"af492784a42768ec0c2ff0ccf7a1e055","4.5.1","0.6.21"
426,TRUE,TRUE,"usable",0.799263606249071,2026101204,"af492784a42768ec0c2ff0ccf7a1e055","4.5.1","0.6.21"
427,TRUE,TRUE,"usable",0.804537667643003,2026101204,"af492784a42768ec0c2ff0ccf7a1e055","4.5.1","0.6.21"
428,TRUE,TRUE,"usable",0.807261226195538,2026101204,"af492784a42768ec0c2ff0ccf7a1e055","4.5.1","0.6.21"
429,TRUE,TRUE,"usable",0.780074526839633,2026101204,"af492784a42768ec0c2ff0ccf7a1e055","4.5.1","0.6.21"
430,TRUE,TRUE,"usable",0.756455555536619,2026101204,"af492784a42768ec0c2ff0ccf7a1e055","4.5.1","0.6.21"
431,TRUE,TRUE,"usable",0.800221255613332,2026101204,"af492784a42768ec0c2ff0ccf7a1e055","4.5.1","0.6.21"
432,TRUE,TRUE,"usable",0.770159435909792,2026101204,"af492784a42768ec0c2ff0ccf7a1e055","4.5.1","0.6.21"
433,TRUE,TRUE,"usable",0.806538507146339,2026101204,"af492784a42768ec0c2ff0ccf7a1e055","4.5.1","0.6.21"
434,TRUE,TRUE,"usable",0.793551179278588,2026101204,"af492784a42768ec0c2ff0ccf7a1e055","4.5.1","0.6.21"
435,TRUE,TRUE,"usable",0.808117071251387,2026101204,"af492784a42768ec0c2ff0ccf7a1e055","4.5.1","0.6.21"
436,TRUE,TRUE,"usable",0.774719009038752,2026101204,"af492784a42768ec0c2ff0ccf7a1e055","4.5.1","0.6.21"
437,TRUE,TRUE,"usable",0.780114211537044,2026101204,"af492784a42768ec0c2ff0ccf7a1e055","4.5.1","0.6.21"
438,TRUE,TRUE,"usable",0.790012351455458,2026101204,"af492784a42768ec0c2ff0ccf7a1e055","4.5.1","0.6.21"
439,TRUE,TRUE,"usable",0.756886217553575,2026101204,"af492784a42768ec0c2ff0ccf7a1e055","4.5.1","0.6.21"
440,TRUE,TRUE,"usable",0.770651278458656,2026101204,"af492784a42768ec0c2ff0ccf7a1e055","4.5.1","0.6.21"
441,TRUE,TRUE,"usable",0.808332766430126,2026101204,"af492784a42768ec0c2ff0ccf7a1e055","4.5.1","0.6.21"
442,TRUE,TRUE,"usable",0.760597763841516,2026101204,"af492784a42768ec0c2ff0ccf7a1e055","4.5.1","0.6.21"
443,TRUE,TRUE,"usable",0.793127516115706,2026101204,"af492784a42768ec0c2ff0ccf7a1e055","4.5.1","0.6.21"
444,TRUE,TRUE,"usable",0.812614854697636,2026101204,"af492784a42768ec0c2ff0ccf7a1e055","4.5.1","0.6.21"
445,TRUE,TRUE,"usable",0.78864456840386,2026101204,"af492784a42768ec0c2ff0ccf7a1e055","4.5.1","0.6.21"
446,TRUE,TRUE,"usable",0.795673794227771,2026101204,"af492784a42768ec0c2ff0ccf7a1e055","4.5.1","0.6.21"
447,TRUE,TRUE,"usable",0.803523017295083,2026101204,"af492784a42768ec0c2ff0ccf7a1e055","4.5.1","0.6.21"
448,TRUE,TRUE,"usable",0.80296977858603,2026101204,"af492784a42768ec0c2ff0ccf7a1e055","4.5.1","0.6.21"
449,TRUE,TRUE,"usable",0.742713037723682,2026101204,"af492784a42768ec0c2ff0ccf7a1e055","4.5.1","0.6.21"
450,TRUE,TRUE,"usable",0.77948307696634,2026101204,"af492784a42768ec0c2ff0ccf7a1e055","4.5.1","0.6.21"
451,TRUE,TRUE,"usable",0.820271822219873,2026101204,"af492784a42768ec0c2ff0ccf7a1e055","4.5.1","0.6.21"
452,TRUE,TRUE,"usable",0.799187365079206,2026101204,"af492784a42768ec0c2ff0ccf7a1e055","4.5.1","0.6.21"
453,TRUE,TRUE,"usable",0.767501119442866,2026101204,"af492784a42768ec0c2ff0ccf7a1e055","4.5.1","0.6.21"
454,TRUE,TRUE,"usable",0.792926467457149,2026101204,"af492784a42768ec0c2ff0ccf7a1e055","4.5.1","0.6.21"
455,TRUE,TRUE,"usable",0.792549243634162,2026101204,"af492784a42768ec0c2ff0ccf7a1e055","4.5.1","0.6.21"
456,TRUE,TRUE,"usable",0.797520759043844,2026101204,"af492784a42768ec0c2ff0ccf7a1e055","4.5.1","0.6.21"
457,TRUE,TRUE,"usable",0.789680934492584,2026101204,"af492784a42768ec0c2ff0ccf7a1e055","4.5.1","0.6.21"
458,TRUE,TRUE,"usable",0.801234017644603,2026101204,"af492784a42768ec0c2ff0ccf7a1e055","4.5.1","0.6.21"
459,TRUE,TRUE,"usable",0.793830904037961,2026101204,"af492784a42768ec0c2ff0ccf7a1e055","4.5.1","0.6.21"
460,TRUE,TRUE,"usable",0.743407406880794,2026101204,"af492784a42768ec0c2ff0ccf7a1e055","4.5.1","0.6.21"
461,TRUE,TRUE,"usable",0.794467903265106,2026101204,"af492784a42768ec0c2ff0ccf7a1e055","4.5.1","0.6.21"
462,TRUE,TRUE,"usable",0.787726110647963,2026101204,"af492784a42768ec0c2ff0ccf7a1e055","4.5.1","0.6.21"
463,TRUE,TRUE,"usable",0.794361261000699,2026101204,"af492784a42768ec0c2ff0ccf7a1e055","4.5.1","0.6.21"
464,TRUE,TRUE,"usable",0.741196410715682,2026101204,"af492784a42768ec0c2ff0ccf7a1e055","4.5.1","0.6.21"
465,TRUE,TRUE,"usable",0.811332372018067,2026101204,"af492784a42768ec0c2ff0ccf7a1e055","4.5.1","0.6.21"
466,TRUE,TRUE,"usable",0.787017099802774,2026101204,"af492784a42768ec0c2ff0ccf7a1e055","4.5.1","0.6.21"
467,TRUE,TRUE,"usable",0.805899552195087,2026101204,"af492784a42768ec0c2ff0ccf7a1e055","4.5.1","0.6.21"
468,TRUE,TRUE,"usable",0.768706760515564,2026101204,"af492784a42768ec0c2ff0ccf7a1e055","4.5.1","0.6.21"
469,TRUE,TRUE,"usable",0.791543731498541,2026101204,"af492784a42768ec0c2ff0ccf7a1e055","4.5.1","0.6.21"
470,TRUE,TRUE,"usable",0.767112729338842,2026101204,"af492784a42768ec0c2ff0ccf7a1e055","4.5.1","0.6.21"
471,TRUE,TRUE,"usable",0.762989517786843,2026101204,"af492784a42768ec0c2ff0ccf7a1e055","4.5.1","0.6.21"
472,TRUE,TRUE,"usable",0.821748040140933,2026101204,"af492784a42768ec0c2ff0ccf7a1e055","4.5.1","0.6.21"
473,TRUE,TRUE,"usable",0.786262077082656,2026101204,"af492784a42768ec0c2ff0ccf7a1e055","4.5.1","0.6.21"
474,TRUE,TRUE,"usable",0.769525796866639,2026101204,"af492784a42768ec0c2ff0ccf7a1e055","4.5.1","0.6.21"
475,TRUE,TRUE,"usable",0.818770985832592,2026101204,"af492784a42768ec0c2ff0ccf7a1e055","4.5.1","0.6.21"
476,TRUE,TRUE,"usable",0.80231432909782,2026101204,"af492784a42768ec0c2ff0ccf7a1e055","4.5.1","0.6.21"
477,TRUE,TRUE,"usable",0.838703075448834,2026101204,"af492784a42768ec0c2ff0ccf7a1e055","4.5.1","0.6.21"
478,TRUE,TRUE,"usable",0.791259864626314,2026101204,"af492784a42768ec0c2ff0ccf7a1e055","4.5.1","0.6.21"
479,TRUE,TRUE,"usable",0.797254648423348,2026101204,"af492784a42768ec0c2ff0ccf7a1e055","4.5.1","0.6.21"
480,TRUE,TRUE,"usable",0.799553639272678,2026101204,"af492784a42768ec0c2ff0ccf7a1e055","4.5.1","0.6.21"
481,TRUE,TRUE,"usable",0.802566173925941,2026101204,"af492784a42768ec0c2ff0ccf7a1e055","4.5.1","0.6.21"
482,TRUE,TRUE,"usable",0.795130705156378,2026101204,"af492784a42768ec0c2ff0ccf7a1e055","4.5.1","0.6.21"
483,TRUE,TRUE,"usable",0.789202723623762,2026101204,"af492784a42768ec0c2ff0ccf7a1e055","4.5.1","0.6.21"
484,TRUE,TRUE,"usable",0.766711632199107,2026101204,"af492784a42768ec0c2ff0ccf7a1e055","4.5.1","0.6.21"
485,TRUE,TRUE,"usable",0.792211199167458,2026101204,"af492784a42768ec0c2ff0ccf7a1e055","4.5.1","0.6.21"
486,TRUE,TRUE,"usable",0.811677343871886,2026101204,"af492784a42768ec0c2ff0ccf7a1e055","4.5.1","0.6.21"
487,TRUE,TRUE,"usable",0.752328662551687,2026101204,"af492784a42768ec0c2ff0ccf7a1e055","4.5.1","0.6.21"
488,TRUE,TRUE,"usable",0.789759263137367,2026101204,"af492784a42768ec0c2ff0ccf7a1e055","4.5.1","0.6.21"
489,TRUE,TRUE,"usable",0.795849145661412,2026101204,"af492784a42768ec0c2ff0ccf7a1e055","4.5.1","0.6.21"
490,TRUE,TRUE,"usable",0.819322522993052,2026101204,"af492784a42768ec0c2ff0ccf7a1e055","4.5.1","0.6.21"
491,TRUE,TRUE,"usable",0.817806938023832,2026101204,"af492784a42768ec0c2ff0ccf7a1e055","4.5.1","0.6.21"
492,TRUE,TRUE,"usable",0.798136136372063,2026101204,"af492784a42768ec0c2ff0ccf7a1e055","4.5.1","0.6.21"
493,TRUE,TRUE,"usable",0.793812180408554,2026101204,"af492784a42768ec0c2ff0ccf7a1e055","4.5.1","0.6.21"
494,TRUE,TRUE,"usable",0.810822207025711,2026101204,"af492784a42768ec0c2ff0ccf7a1e055","4.5.1","0.6.21"
495,TRUE,TRUE,"usable",0.800477456310957,2026101204,"af492784a42768ec0c2ff0ccf7a1e055","4.5.1","0.6.21"
496,TRUE,TRUE,"usable",0.796622760991758,2026101204,"af492784a42768ec0c2ff0ccf7a1e055","4.5.1","0.6.21"
497,TRUE,TRUE,"usable",0.812933904651847,2026101204,"af492784a42768ec0c2ff0ccf7a1e055","4.5.1","0.6.21"
498,TRUE,TRUE,"usable",0.770957986262461,2026101204,"af492784a42768ec0c2ff0ccf7a1e055","4.5.1","0.6.21"
499,TRUE,TRUE,"usable",0.778623595308833,2026101204,"af492784a42768ec0c2ff0ccf7a1e055","4.5.1","0.6.21"
500,TRUE,TRUE,"usable",0.816215843606132,2026101204,"af492784a42768ec0c2ff0ccf7a1e055","4.5.1","0.6.21"
501,TRUE,TRUE,"usable",0.785585270304259,2026101204,"af492784a42768ec0c2ff0ccf7a1e055","4.5.1","0.6.21"
502,TRUE,TRUE,"usable",0.785038926258824,2026101204,"af492784a42768ec0c2ff0ccf7a1e055","4.5.1","0.6.21"
503,TRUE,TRUE,"usable",0.77286431736892,2026101204,"af492784a42768ec0c2ff0ccf7a1e055","4.5.1","0.6.21"
504,TRUE,TRUE,"usable",0.777221070275534,2026101204,"af492784a42768ec0c2ff0ccf7a1e055","4.5.1","0.6.21"
505,TRUE,TRUE,"usable",0.773296945771237,2026101204,"af492784a42768ec0c2ff0ccf7a1e055","4.5.1","0.6.21"
506,TRUE,TRUE,"usable",0.807807749859715,2026101204,"af492784a42768ec0c2ff0ccf7a1e055","4.5.1","0.6.21"
507,TRUE,TRUE,"usable",0.815348499886698,2026101204,"af492784a42768ec0c2ff0ccf7a1e055","4.5.1","0.6.21"
508,TRUE,TRUE,"usable",0.752330447732351,2026101204,"af492784a42768ec0c2ff0ccf7a1e055","4.5.1","0.6.21"
509,TRUE,TRUE,"usable",0.800758070837519,2026101204,"af492784a42768ec0c2ff0ccf7a1e055","4.5.1","0.6.21"
510,TRUE,TRUE,"usable",0.80121397954105,2026101204,"af492784a42768ec0c2ff0ccf7a1e055","4.5.1","0.6.21"
511,TRUE,TRUE,"usable",0.818859577032091,2026101204,"af492784a42768ec0c2ff0ccf7a1e055","4.5.1","0.6.21"
512,TRUE,TRUE,"usable",0.798392890467813,2026101204,"af492784a42768ec0c2ff0ccf7a1e055","4.5.1","0.6.21"
513,TRUE,TRUE,"usable",0.784230803302548,2026101204,"af492784a42768ec0c2ff0ccf7a1e055","4.5.1","0.6.21"
514,TRUE,TRUE,"usable",0.782320004693808,2026101204,"af492784a42768ec0c2ff0ccf7a1e055","4.5.1","0.6.21"
515,TRUE,TRUE,"usable",0.797919956388564,2026101204,"af492784a42768ec0c2ff0ccf7a1e055","4.5.1","0.6.21"
516,TRUE,TRUE,"usable",0.777910948495509,2026101204,"af492784a42768ec0c2ff0ccf7a1e055","4.5.1","0.6.21"
517,TRUE,TRUE,"usable",0.807228592411766,2026101204,"af492784a42768ec0c2ff0ccf7a1e055","4.5.1","0.6.21"
518,TRUE,TRUE,"usable",0.814595179555939,2026101204,"af492784a42768ec0c2ff0ccf7a1e055","4.5.1","0.6.21"
519,TRUE,TRUE,"usable",0.770948073829998,2026101204,"af492784a42768ec0c2ff0ccf7a1e055","4.5.1","0.6.21"
520,TRUE,TRUE,"usable",0.816684141107539,2026101204,"af492784a42768ec0c2ff0ccf7a1e055","4.5.1","0.6.21"
521,TRUE,TRUE,"usable",0.798173507033981,2026101204,"af492784a42768ec0c2ff0ccf7a1e055","4.5.1","0.6.21"
522,TRUE,TRUE,"usable",0.768223663690937,2026101204,"af492784a42768ec0c2ff0ccf7a1e055","4.5.1","0.6.21"
523,TRUE,TRUE,"usable",0.801913487281343,2026101204,"af492784a42768ec0c2ff0ccf7a1e055","4.5.1","0.6.21"
524,TRUE,TRUE,"usable",0.815690195673935,2026101204,"af492784a42768ec0c2ff0ccf7a1e055","4.5.1","0.6.21"
525,TRUE,TRUE,"usable",0.777221368561944,2026101204,"af492784a42768ec0c2ff0ccf7a1e055","4.5.1","0.6.21"
526,TRUE,TRUE,"usable",0.748033049245596,2026101204,"af492784a42768ec0c2ff0ccf7a1e055","4.5.1","0.6.21"
527,TRUE,TRUE,"usable",0.784067524939086,2026101204,"af492784a42768ec0c2ff0ccf7a1e055","4.5.1","0.6.21"
528,TRUE,TRUE,"usable",0.796374201831308,2026101204,"af492784a42768ec0c2ff0ccf7a1e055","4.5.1","0.6.21"
529,TRUE,TRUE,"usable",0.800588716512717,2026101204,"af492784a42768ec0c2ff0ccf7a1e055","4.5.1","0.6.21"
530,TRUE,TRUE,"usable",0.808230861487656,2026101204,"af492784a42768ec0c2ff0ccf7a1e055","4.5.1","0.6.21"
531,TRUE,TRUE,"usable",0.791977657083781,2026101204,"af492784a42768ec0c2ff0ccf7a1e055","4.5.1","0.6.21"
532,TRUE,TRUE,"usable",0.81226490430811,2026101204,"af492784a42768ec0c2ff0ccf7a1e055","4.5.1","0.6.21"
533,TRUE,TRUE,"usable",0.806240067693934,2026101204,"af492784a42768ec0c2ff0ccf7a1e055","4.5.1","0.6.21"
534,TRUE,TRUE,"usable",0.779456066002529,2026101204,"af492784a42768ec0c2ff0ccf7a1e055","4.5.1","0.6.21"
535,TRUE,TRUE,"usable",0.784939861312785,2026101204,"af492784a42768ec0c2ff0ccf7a1e055","4.5.1","0.6.21"
536,TRUE,TRUE,"usable",0.787134178103059,2026101204,"af492784a42768ec0c2ff0ccf7a1e055","4.5.1","0.6.21"
537,TRUE,TRUE,"usable",0.805783989831001,2026101204,"af492784a42768ec0c2ff0ccf7a1e055","4.5.1","0.6.21"
538,TRUE,TRUE,"usable",0.809966650651863,2026101204,"af492784a42768ec0c2ff0ccf7a1e055","4.5.1","0.6.21"
539,TRUE,TRUE,"usable",0.791828576125946,2026101204,"af492784a42768ec0c2ff0ccf7a1e055","4.5.1","0.6.21"
540,TRUE,TRUE,"usable",0.763251255324037,2026101204,"af492784a42768ec0c2ff0ccf7a1e055","4.5.1","0.6.21"
541,TRUE,TRUE,"usable",0.78090629648519,2026101204,"af492784a42768ec0c2ff0ccf7a1e055","4.5.1","0.6.21"
542,TRUE,TRUE,"usable",0.770313472922543,2026101204,"af492784a42768ec0c2ff0ccf7a1e055","4.5.1","0.6.21"
543,TRUE,TRUE,"usable",0.769778709653338,2026101204,"af492784a42768ec0c2ff0ccf7a1e055","4.5.1","0.6.21"
544,TRUE,TRUE,"usable",0.756724532590164,2026101204,"af492784a42768ec0c2ff0ccf7a1e055","4.5.1","0.6.21"
545,TRUE,TRUE,"usable",0.765592583584235,2026101204,"af492784a42768ec0c2ff0ccf7a1e055","4.5.1","0.6.21"
546,TRUE,TRUE,"usable",0.761665971730877,2026101204,"af492784a42768ec0c2ff0ccf7a1e055","4.5.1","0.6.21"
547,TRUE,TRUE,"usable",0.741060981078472,2026101204,"af492784a42768ec0c2ff0ccf7a1e055","4.5.1","0.6.21"
548,TRUE,TRUE,"usable",0.742615793466496,2026101204,"af492784a42768ec0c2ff0ccf7a1e055","4.5.1","0.6.21"
549,TRUE,TRUE,"usable",0.815945232099865,2026101204,"af492784a42768ec0c2ff0ccf7a1e055","4.5.1","0.6.21"
550,TRUE,TRUE,"usable",0.808481555388726,2026101204,"af492784a42768ec0c2ff0ccf7a1e055","4.5.1","0.6.21"
551,TRUE,TRUE,"usable",0.812076533073552,2026101204,"af492784a42768ec0c2ff0ccf7a1e055","4.5.1","0.6.21"
552,TRUE,TRUE,"usable",0.743755233932983,2026101204,"af492784a42768ec0c2ff0ccf7a1e055","4.5.1","0.6.21"
553,TRUE,TRUE,"usable",0.790739338958813,2026101204,"af492784a42768ec0c2ff0ccf7a1e055","4.5.1","0.6.21"
554,TRUE,TRUE,"usable",0.807542485567702,2026101204,"af492784a42768ec0c2ff0ccf7a1e055","4.5.1","0.6.21"
555,TRUE,TRUE,"usable",0.749035390918977,2026101204,"af492784a42768ec0c2ff0ccf7a1e055","4.5.1","0.6.21"
556,TRUE,TRUE,"usable",0.817547756212817,2026101204,"af492784a42768ec0c2ff0ccf7a1e055","4.5.1","0.6.21"
557,TRUE,TRUE,"usable",0.790596915428913,2026101204,"af492784a42768ec0c2ff0ccf7a1e055","4.5.1","0.6.21"
558,TRUE,TRUE,"usable",0.781450652842607,2026101204,"af492784a42768ec0c2ff0ccf7a1e055","4.5.1","0.6.21"
559,TRUE,TRUE,"usable",0.772595830103096,2026101204,"af492784a42768ec0c2ff0ccf7a1e055","4.5.1","0.6.21"
560,TRUE,TRUE,"usable",0.795368758643374,2026101204,"af492784a42768ec0c2ff0ccf7a1e055","4.5.1","0.6.21"
561,TRUE,TRUE,"usable",0.802031414661953,2026101204,"af492784a42768ec0c2ff0ccf7a1e055","4.5.1","0.6.21"
562,TRUE,TRUE,"usable",0.790842682737372,2026101204,"af492784a42768ec0c2ff0ccf7a1e055","4.5.1","0.6.21"
563,TRUE,TRUE,"usable",0.786038451253431,2026101204,"af492784a42768ec0c2ff0ccf7a1e055","4.5.1","0.6.21"
564,TRUE,TRUE,"usable",0.832349288352311,2026101204,"af492784a42768ec0c2ff0ccf7a1e055","4.5.1","0.6.21"
565,TRUE,TRUE,"usable",0.807568708082902,2026101204,"af492784a42768ec0c2ff0ccf7a1e055","4.5.1","0.6.21"
566,TRUE,TRUE,"usable",0.823429255643558,2026101204,"af492784a42768ec0c2ff0ccf7a1e055","4.5.1","0.6.21"
567,TRUE,TRUE,"usable",0.81476474343929,2026101204,"af492784a42768ec0c2ff0ccf7a1e055","4.5.1","0.6.21"
568,TRUE,TRUE,"usable",0.784423279492971,2026101204,"af492784a42768ec0c2ff0ccf7a1e055","4.5.1","0.6.21"
569,TRUE,TRUE,"usable",0.812833779416868,2026101204,"af492784a42768ec0c2ff0ccf7a1e055","4.5.1","0.6.21"
570,TRUE,TRUE,"usable",0.81125927467215,2026101204,"af492784a42768ec0c2ff0ccf7a1e055","4.5.1","0.6.21"
571,TRUE,TRUE,"usable",0.790948179235623,2026101204,"af492784a42768ec0c2ff0ccf7a1e055","4.5.1","0.6.21"
572,TRUE,TRUE,"usable",0.7848218889897,2026101204,"af492784a42768ec0c2ff0ccf7a1e055","4.5.1","0.6.21"
573,TRUE,TRUE,"usable",0.826449642894063,2026101204,"af492784a42768ec0c2ff0ccf7a1e055","4.5.1","0.6.21"
574,TRUE,TRUE,"usable",0.800688738173098,2026101204,"af492784a42768ec0c2ff0ccf7a1e055","4.5.1","0.6.21"
575,TRUE,TRUE,"usable",0.770669354692804,2026101204,"af492784a42768ec0c2ff0ccf7a1e055","4.5.1","0.6.21"
576,TRUE,TRUE,"usable",0.798295503431345,2026101204,"af492784a42768ec0c2ff0ccf7a1e055","4.5.1","0.6.21"
577,TRUE,TRUE,"usable",0.793991645908223,2026101204,"af492784a42768ec0c2ff0ccf7a1e055","4.5.1","0.6.21"
578,TRUE,TRUE,"usable",0.803424804635843,2026101204,"af492784a42768ec0c2ff0ccf7a1e055","4.5.1","0.6.21"
579,TRUE,TRUE,"usable",0.806416615167318,2026101204,"af492784a42768ec0c2ff0ccf7a1e055","4.5.1","0.6.21"
580,TRUE,TRUE,"usable",0.827719248681003,2026101204,"af492784a42768ec0c2ff0ccf7a1e055","4.5.1","0.6.21"
581,TRUE,TRUE,"usable",0.792914475947323,2026101204,"af492784a42768ec0c2ff0ccf7a1e055","4.5.1","0.6.21"
582,TRUE,TRUE,"usable",0.803738965130914,2026101204,"af492784a42768ec0c2ff0ccf7a1e055","4.5.1","0.6.21"
583,TRUE,TRUE,"usable",0.792574136897381,2026101204,"af492784a42768ec0c2ff0ccf7a1e055","4.5.1","0.6.21"
584,TRUE,TRUE,"usable",0.806361145471023,2026101204,"af492784a42768ec0c2ff0ccf7a1e055","4.5.1","0.6.21"
585,TRUE,TRUE,"usable",0.806188926685417,2026101204,"af492784a42768ec0c2ff0ccf7a1e055","4.5.1","0.6.21"
586,TRUE,TRUE,"usable",0.751932798365355,2026101204,"af492784a42768ec0c2ff0ccf7a1e055","4.5.1","0.6.21"
587,TRUE,TRUE,"usable",0.793116802114464,2026101204,"af492784a42768ec0c2ff0ccf7a1e055","4.5.1","0.6.21"
588,TRUE,TRUE,"usable",0.782435108974246,2026101204,"af492784a42768ec0c2ff0ccf7a1e055","4.5.1","0.6.21"
589,TRUE,TRUE,"usable",0.772018438414155,2026101204,"af492784a42768ec0c2ff0ccf7a1e055","4.5.1","0.6.21"
590,TRUE,TRUE,"usable",0.798408111306335,2026101204,"af492784a42768ec0c2ff0ccf7a1e055","4.5.1","0.6.21"
591,TRUE,TRUE,"usable",0.811432937793415,2026101204,"af492784a42768ec0c2ff0ccf7a1e055","4.5.1","0.6.21"
592,TRUE,TRUE,"usable",0.770895987840519,2026101204,"af492784a42768ec0c2ff0ccf7a1e055","4.5.1","0.6.21"
593,TRUE,TRUE,"usable",0.802795682351893,2026101204,"af492784a42768ec0c2ff0ccf7a1e055","4.5.1","0.6.21"
594,TRUE,TRUE,"usable",0.784060391525241,2026101204,"af492784a42768ec0c2ff0ccf7a1e055","4.5.1","0.6.21"
595,TRUE,TRUE,"usable",0.786426694444513,2026101204,"af492784a42768ec0c2ff0ccf7a1e055","4.5.1","0.6.21"
596,TRUE,TRUE,"usable",0.801357082592575,2026101204,"af492784a42768ec0c2ff0ccf7a1e055","4.5.1","0.6.21"
597,TRUE,TRUE,"usable",0.779411810281688,2026101204,"af492784a42768ec0c2ff0ccf7a1e055","4.5.1","0.6.21"
598,TRUE,TRUE,"usable",0.764176210732181,2026101204,"af492784a42768ec0c2ff0ccf7a1e055","4.5.1","0.6.21"
599,TRUE,TRUE,"usable",0.810739397525865,2026101204,"af492784a42768ec0c2ff0ccf7a1e055","4.5.1","0.6.21"
600,TRUE,TRUE,"usable",0.805342968054802,2026101204,"af492784a42768ec0c2ff0ccf7a1e055","4.5.1","0.6.21"
601,TRUE,TRUE,"usable",0.80250477026941,2026101204,"af492784a42768ec0c2ff0ccf7a1e055","4.5.1","0.6.21"
602,TRUE,TRUE,"usable",0.797068046919827,2026101204,"af492784a42768ec0c2ff0ccf7a1e055","4.5.1","0.6.21"
603,TRUE,TRUE,"usable",0.80226110200602,2026101204,"af492784a42768ec0c2ff0ccf7a1e055","4.5.1","0.6.21"
604,TRUE,TRUE,"usable",0.793824484807263,2026101204,"af492784a42768ec0c2ff0ccf7a1e055","4.5.1","0.6.21"
605,TRUE,TRUE,"usable",0.789125861997698,2026101204,"af492784a42768ec0c2ff0ccf7a1e055","4.5.1","0.6.21"
606,TRUE,TRUE,"usable",0.775215539422122,2026101204,"af492784a42768ec0c2ff0ccf7a1e055","4.5.1","0.6.21"
607,TRUE,TRUE,"usable",0.791997328482371,2026101204,"af492784a42768ec0c2ff0ccf7a1e055","4.5.1","0.6.21"
608,TRUE,TRUE,"usable",0.826799784950613,2026101204,"af492784a42768ec0c2ff0ccf7a1e055","4.5.1","0.6.21"
609,TRUE,TRUE,"usable",0.822058378110192,2026101204,"af492784a42768ec0c2ff0ccf7a1e055","4.5.1","0.6.21"
610,TRUE,TRUE,"usable",0.806382797690416,2026101204,"af492784a42768ec0c2ff0ccf7a1e055","4.5.1","0.6.21"
611,TRUE,TRUE,"usable",0.824617189993931,2026101204,"af492784a42768ec0c2ff0ccf7a1e055","4.5.1","0.6.21"
612,TRUE,TRUE,"usable",0.817043044395789,2026101204,"af492784a42768ec0c2ff0ccf7a1e055","4.5.1","0.6.21"
613,TRUE,TRUE,"usable",0.801075005975956,2026101204,"af492784a42768ec0c2ff0ccf7a1e055","4.5.1","0.6.21"
614,TRUE,TRUE,"usable",0.754465725242052,2026101204,"af492784a42768ec0c2ff0ccf7a1e055","4.5.1","0.6.21"
615,TRUE,TRUE,"usable",0.799954871851605,2026101204,"af492784a42768ec0c2ff0ccf7a1e055","4.5.1","0.6.21"
616,TRUE,TRUE,"usable",0.827760748205408,2026101204,"af492784a42768ec0c2ff0ccf7a1e055","4.5.1","0.6.21"
617,TRUE,TRUE,"usable",0.772631133885897,2026101204,"af492784a42768ec0c2ff0ccf7a1e055","4.5.1","0.6.21"
618,TRUE,TRUE,"usable",0.805863452238783,2026101204,"af492784a42768ec0c2ff0ccf7a1e055","4.5.1","0.6.21"
619,TRUE,TRUE,"usable",0.798990408763279,2026101204,"af492784a42768ec0c2ff0ccf7a1e055","4.5.1","0.6.21"
620,TRUE,TRUE,"usable",0.779873846303504,2026101204,"af492784a42768ec0c2ff0ccf7a1e055","4.5.1","0.6.21"
621,TRUE,TRUE,"usable",0.797757959923332,2026101204,"af492784a42768ec0c2ff0ccf7a1e055","4.5.1","0.6.21"
622,TRUE,TRUE,"usable",0.822331575975775,2026101204,"af492784a42768ec0c2ff0ccf7a1e055","4.5.1","0.6.21"
623,TRUE,TRUE,"usable",0.775492317425753,2026101204,"af492784a42768ec0c2ff0ccf7a1e055","4.5.1","0.6.21"
624,TRUE,TRUE,"usable",0.78926933285512,2026101204,"af492784a42768ec0c2ff0ccf7a1e055","4.5.1","0.6.21"
625,TRUE,TRUE,"usable",0.787310187436485,2026101204,"af492784a42768ec0c2ff0ccf7a1e055","4.5.1","0.6.21"
626,TRUE,TRUE,"usable",0.810316382022358,2026101204,"af492784a42768ec0c2ff0ccf7a1e055","4.5.1","0.6.21"
627,TRUE,TRUE,"usable",0.807067371594098,2026101204,"af492784a42768ec0c2ff0ccf7a1e055","4.5.1","0.6.21"
628,TRUE,TRUE,"usable",0.786685479370718,2026101204,"af492784a42768ec0c2ff0ccf7a1e055","4.5.1","0.6.21"
629,TRUE,TRUE,"usable",0.780167860900224,2026101204,"af492784a42768ec0c2ff0ccf7a1e055","4.5.1","0.6.21"
630,TRUE,TRUE,"usable",0.819021904840377,2026101204,"af492784a42768ec0c2ff0ccf7a1e055","4.5.1","0.6.21"
631,TRUE,TRUE,"usable",0.779267959246033,2026101204,"af492784a42768ec0c2ff0ccf7a1e055","4.5.1","0.6.21"
632,TRUE,TRUE,"usable",0.789277468650507,2026101204,"af492784a42768ec0c2ff0ccf7a1e055","4.5.1","0.6.21"
633,TRUE,TRUE,"usable",0.788318626558632,2026101204,"af492784a42768ec0c2ff0ccf7a1e055","4.5.1","0.6.21"
634,TRUE,TRUE,"usable",0.794539561480444,2026101204,"af492784a42768ec0c2ff0ccf7a1e055","4.5.1","0.6.21"
635,TRUE,TRUE,"usable",0.814694259762692,2026101204,"af492784a42768ec0c2ff0ccf7a1e055","4.5.1","0.6.21"
636,TRUE,TRUE,"usable",0.812420764958183,2026101204,"af492784a42768ec0c2ff0ccf7a1e055","4.5.1","0.6.21"
637,TRUE,TRUE,"usable",0.820668040782914,2026101204,"af492784a42768ec0c2ff0ccf7a1e055","4.5.1","0.6.21"
638,TRUE,TRUE,"usable",0.796887686084358,2026101204,"af492784a42768ec0c2ff0ccf7a1e055","4.5.1","0.6.21"
639,TRUE,TRUE,"usable",0.81466357874968,2026101204,"af492784a42768ec0c2ff0ccf7a1e055","4.5.1","0.6.21"
640,TRUE,TRUE,"usable",0.777420781602362,2026101204,"af492784a42768ec0c2ff0ccf7a1e055","4.5.1","0.6.21"
641,TRUE,TRUE,"usable",0.829027283663362,2026101204,"af492784a42768ec0c2ff0ccf7a1e055","4.5.1","0.6.21"
642,TRUE,TRUE,"usable",0.792932082563686,2026101204,"af492784a42768ec0c2ff0ccf7a1e055","4.5.1","0.6.21"
643,TRUE,TRUE,"usable",0.794072772086291,2026101204,"af492784a42768ec0c2ff0ccf7a1e055","4.5.1","0.6.21"
644,TRUE,TRUE,"usable",0.796236325103436,2026101204,"af492784a42768ec0c2ff0ccf7a1e055","4.5.1","0.6.21"
645,TRUE,TRUE,"usable",0.775105802518546,2026101204,"af492784a42768ec0c2ff0ccf7a1e055","4.5.1","0.6.21"
646,TRUE,TRUE,"usable",0.806311059366623,2026101204,"af492784a42768ec0c2ff0ccf7a1e055","4.5.1","0.6.21"
647,TRUE,TRUE,"usable",0.796723092767544,2026101204,"af492784a42768ec0c2ff0ccf7a1e055","4.5.1","0.6.21"
648,TRUE,TRUE,"usable",0.783677024746227,2026101204,"af492784a42768ec0c2ff0ccf7a1e055","4.5.1","0.6.21"
649,TRUE,TRUE,"usable",0.810814593443787,2026101204,"af492784a42768ec0c2ff0ccf7a1e055","4.5.1","0.6.21"
650,TRUE,TRUE,"usable",0.813075323010219,2026101204,"af492784a42768ec0c2ff0ccf7a1e055","4.5.1","0.6.21"
651,TRUE,TRUE,"usable",0.796535825020416,2026101204,"af492784a42768ec0c2ff0ccf7a1e055","4.5.1","0.6.21"
652,TRUE,TRUE,"usable",0.760475051426372,2026101204,"af492784a42768ec0c2ff0ccf7a1e055","4.5.1","0.6.21"
653,TRUE,TRUE,"usable",0.785165557852351,2026101204,"af492784a42768ec0c2ff0ccf7a1e055","4.5.1","0.6.21"
654,TRUE,TRUE,"usable",0.812931513119696,2026101204,"af492784a42768ec0c2ff0ccf7a1e055","4.5.1","0.6.21"
655,TRUE,TRUE,"usable",0.813929130642464,2026101204,"af492784a42768ec0c2ff0ccf7a1e055","4.5.1","0.6.21"
656,TRUE,TRUE,"usable",0.781348505646687,2026101204,"af492784a42768ec0c2ff0ccf7a1e055","4.5.1","0.6.21"
657,TRUE,TRUE,"usable",0.766588131098122,2026101204,"af492784a42768ec0c2ff0ccf7a1e055","4.5.1","0.6.21"
658,TRUE,TRUE,"usable",0.780420974289335,2026101204,"af492784a42768ec0c2ff0ccf7a1e055","4.5.1","0.6.21"
659,TRUE,TRUE,"usable",0.798788000578365,2026101204,"af492784a42768ec0c2ff0ccf7a1e055","4.5.1","0.6.21"
660,TRUE,TRUE,"usable",0.781460062859585,2026101204,"af492784a42768ec0c2ff0ccf7a1e055","4.5.1","0.6.21"
661,TRUE,TRUE,"usable",0.79218698376029,2026101204,"af492784a42768ec0c2ff0ccf7a1e055","4.5.1","0.6.21"
662,TRUE,TRUE,"usable",0.79959089287467,2026101204,"af492784a42768ec0c2ff0ccf7a1e055","4.5.1","0.6.21"
663,TRUE,TRUE,"usable",0.748221338552809,2026101204,"af492784a42768ec0c2ff0ccf7a1e055","4.5.1","0.6.21"
664,TRUE,TRUE,"usable",0.800412907787421,2026101204,"af492784a42768ec0c2ff0ccf7a1e055","4.5.1","0.6.21"
665,TRUE,TRUE,"usable",0.800470778161597,2026101204,"af492784a42768ec0c2ff0ccf7a1e055","4.5.1","0.6.21"
666,TRUE,TRUE,"usable",0.798982677436826,2026101204,"af492784a42768ec0c2ff0ccf7a1e055","4.5.1","0.6.21"
667,TRUE,TRUE,"usable",0.789446675670154,2026101204,"af492784a42768ec0c2ff0ccf7a1e055","4.5.1","0.6.21"
668,TRUE,TRUE,"usable",0.806115550539247,2026101204,"af492784a42768ec0c2ff0ccf7a1e055","4.5.1","0.6.21"
669,TRUE,TRUE,"usable",0.780861073723408,2026101204,"af492784a42768ec0c2ff0ccf7a1e055","4.5.1","0.6.21"
670,TRUE,TRUE,"usable",0.806166695239281,2026101204,"af492784a42768ec0c2ff0ccf7a1e055","4.5.1","0.6.21"
671,TRUE,TRUE,"usable",0.799134045203797,2026101204,"af492784a42768ec0c2ff0ccf7a1e055","4.5.1","0.6.21"
672,TRUE,TRUE,"usable",0.816254469230719,2026101204,"af492784a42768ec0c2ff0ccf7a1e055","4.5.1","0.6.21"
673,TRUE,TRUE,"usable",0.794509585749403,2026101204,"af492784a42768ec0c2ff0ccf7a1e055","4.5.1","0.6.21"
674,TRUE,TRUE,"usable",0.776503171544593,2026101204,"af492784a42768ec0c2ff0ccf7a1e055","4.5.1","0.6.21"
675,TRUE,TRUE,"usable",0.807980109118643,2026101204,"af492784a42768ec0c2ff0ccf7a1e055","4.5.1","0.6.21"
676,TRUE,TRUE,"usable",0.821707619597855,2026101204,"af492784a42768ec0c2ff0ccf7a1e055","4.5.1","0.6.21"
677,TRUE,TRUE,"usable",0.816155049916242,2026101204,"af492784a42768ec0c2ff0ccf7a1e055","4.5.1","0.6.21"
678,TRUE,TRUE,"usable",0.800312796001862,2026101204,"af492784a42768ec0c2ff0ccf7a1e055","4.5.1","0.6.21"
679,TRUE,TRUE,"usable",0.774678588161666,2026101204,"af492784a42768ec0c2ff0ccf7a1e055","4.5.1","0.6.21"
680,TRUE,TRUE,"usable",0.788117658303696,2026101204,"af492784a42768ec0c2ff0ccf7a1e055","4.5.1","0.6.21"
681,TRUE,TRUE,"usable",0.766562712252304,2026101204,"af492784a42768ec0c2ff0ccf7a1e055","4.5.1","0.6.21"
682,TRUE,TRUE,"usable",0.76169570328402,2026101204,"af492784a42768ec0c2ff0ccf7a1e055","4.5.1","0.6.21"
683,TRUE,TRUE,"usable",0.81017527372999,2026101204,"af492784a42768ec0c2ff0ccf7a1e055","4.5.1","0.6.21"
684,TRUE,TRUE,"usable",0.790656182595235,2026101204,"af492784a42768ec0c2ff0ccf7a1e055","4.5.1","0.6.21"
685,TRUE,TRUE,"usable",0.784994349499246,2026101204,"af492784a42768ec0c2ff0ccf7a1e055","4.5.1","0.6.21"
686,TRUE,TRUE,"usable",0.808719489500462,2026101204,"af492784a42768ec0c2ff0ccf7a1e055","4.5.1","0.6.21"
687,TRUE,TRUE,"usable",0.793920929488929,2026101204,"af492784a42768ec0c2ff0ccf7a1e055","4.5.1","0.6.21"
688,TRUE,TRUE,"usable",0.766550973593813,2026101204,"af492784a42768ec0c2ff0ccf7a1e055","4.5.1","0.6.21"
689,TRUE,TRUE,"usable",0.798971838986248,2026101204,"af492784a42768ec0c2ff0ccf7a1e055","4.5.1","0.6.21"
690,TRUE,TRUE,"usable",0.770745646404995,2026101204,"af492784a42768ec0c2ff0ccf7a1e055","4.5.1","0.6.21"
691,TRUE,TRUE,"usable",0.812662172412825,2026101204,"af492784a42768ec0c2ff0ccf7a1e055","4.5.1","0.6.21"
692,TRUE,TRUE,"usable",0.794709437012667,2026101204,"af492784a42768ec0c2ff0ccf7a1e055","4.5.1","0.6.21"
693,TRUE,TRUE,"usable",0.806571484389649,2026101204,"af492784a42768ec0c2ff0ccf7a1e055","4.5.1","0.6.21"
694,TRUE,TRUE,"usable",0.782705724866854,2026101204,"af492784a42768ec0c2ff0ccf7a1e055","4.5.1","0.6.21"
695,TRUE,TRUE,"usable",0.799406587837893,2026101204,"af492784a42768ec0c2ff0ccf7a1e055","4.5.1","0.6.21"
696,TRUE,TRUE,"usable",0.789917031471898,2026101204,"af492784a42768ec0c2ff0ccf7a1e055","4.5.1","0.6.21"
697,TRUE,TRUE,"usable",0.802294524661835,2026101204,"af492784a42768ec0c2ff0ccf7a1e055","4.5.1","0.6.21"
698,TRUE,TRUE,"usable",0.775945062435063,2026101204,"af492784a42768ec0c2ff0ccf7a1e055","4.5.1","0.6.21"
699,TRUE,TRUE,"usable",0.809797466620021,2026101204,"af492784a42768ec0c2ff0ccf7a1e055","4.5.1","0.6.21"
700,TRUE,TRUE,"usable",0.8175349193499,2026101204,"af492784a42768ec0c2ff0ccf7a1e055","4.5.1","0.6.21"
701,TRUE,TRUE,"usable",0.763476751486161,2026101204,"af492784a42768ec0c2ff0ccf7a1e055","4.5.1","0.6.21"
702,TRUE,TRUE,"usable",0.796544023265185,2026101204,"af492784a42768ec0c2ff0ccf7a1e055","4.5.1","0.6.21"
703,TRUE,TRUE,"usable",0.792040520668463,2026101204,"af492784a42768ec0c2ff0ccf7a1e055","4.5.1","0.6.21"
704,TRUE,TRUE,"usable",0.786618046139683,2026101204,"af492784a42768ec0c2ff0ccf7a1e055","4.5.1","0.6.21"
705,TRUE,TRUE,"usable",0.801361093182062,2026101204,"af492784a42768ec0c2ff0ccf7a1e055","4.5.1","0.6.21"
706,TRUE,TRUE,"usable",0.827276194627357,2026101204,"af492784a42768ec0c2ff0ccf7a1e055","4.5.1","0.6.21"
707,TRUE,TRUE,"usable",0.822601793155559,2026101204,"af492784a42768ec0c2ff0ccf7a1e055","4.5.1","0.6.21"
708,TRUE,TRUE,"usable",0.789522952312347,2026101204,"af492784a42768ec0c2ff0ccf7a1e055","4.5.1","0.6.21"
709,TRUE,TRUE,"usable",0.771882421089413,2026101204,"af492784a42768ec0c2ff0ccf7a1e055","4.5.1","0.6.21"
710,TRUE,TRUE,"usable",0.778795832071239,2026101204,"af492784a42768ec0c2ff0ccf7a1e055","4.5.1","0.6.21"
711,TRUE,TRUE,"usable",0.775314302354648,2026101204,"af492784a42768ec0c2ff0ccf7a1e055","4.5.1","0.6.21"
712,TRUE,TRUE,"usable",0.793940482841225,2026101204,"af492784a42768ec0c2ff0ccf7a1e055","4.5.1","0.6.21"
713,TRUE,TRUE,"usable",0.805131641921019,2026101204,"af492784a42768ec0c2ff0ccf7a1e055","4.5.1","0.6.21"
714,TRUE,TRUE,"usable",0.780458622378626,2026101204,"af492784a42768ec0c2ff0ccf7a1e055","4.5.1","0.6.21"
715,TRUE,TRUE,"usable",0.80303541813539,2026101204,"af492784a42768ec0c2ff0ccf7a1e055","4.5.1","0.6.21"
716,TRUE,TRUE,"usable",0.820400562892364,2026101204,"af492784a42768ec0c2ff0ccf7a1e055","4.5.1","0.6.21"
717,TRUE,TRUE,"usable",0.795279323101561,2026101204,"af492784a42768ec0c2ff0ccf7a1e055","4.5.1","0.6.21"
718,TRUE,TRUE,"usable",0.809392808311855,2026101204,"af492784a42768ec0c2ff0ccf7a1e055","4.5.1","0.6.21"
719,TRUE,TRUE,"usable",0.765175536653024,2026101204,"af492784a42768ec0c2ff0ccf7a1e055","4.5.1","0.6.21"
720,TRUE,TRUE,"usable",0.797499215168496,2026101204,"af492784a42768ec0c2ff0ccf7a1e055","4.5.1","0.6.21"
721,TRUE,TRUE,"usable",0.781487267341853,2026101204,"af492784a42768ec0c2ff0ccf7a1e055","4.5.1","0.6.21"
722,TRUE,TRUE,"usable",0.782516325071421,2026101204,"af492784a42768ec0c2ff0ccf7a1e055","4.5.1","0.6.21"
723,TRUE,TRUE,"usable",0.767862391078134,2026101204,"af492784a42768ec0c2ff0ccf7a1e055","4.5.1","0.6.21"
724,TRUE,TRUE,"usable",0.800429988955043,2026101204,"af492784a42768ec0c2ff0ccf7a1e055","4.5.1","0.6.21"
725,TRUE,TRUE,"usable",0.778228194803652,2026101204,"af492784a42768ec0c2ff0ccf7a1e055","4.5.1","0.6.21"
726,TRUE,TRUE,"usable",0.794660158995636,2026101204,"af492784a42768ec0c2ff0ccf7a1e055","4.5.1","0.6.21"
727,TRUE,TRUE,"usable",0.766281051351088,2026101204,"af492784a42768ec0c2ff0ccf7a1e055","4.5.1","0.6.21"
728,TRUE,TRUE,"usable",0.791104457215026,2026101204,"af492784a42768ec0c2ff0ccf7a1e055","4.5.1","0.6.21"
729,TRUE,TRUE,"usable",0.805105578215382,2026101204,"af492784a42768ec0c2ff0ccf7a1e055","4.5.1","0.6.21"
730,TRUE,TRUE,"usable",0.777849757365529,2026101204,"af492784a42768ec0c2ff0ccf7a1e055","4.5.1","0.6.21"
731,TRUE,TRUE,"usable",0.793291934239538,2026101204,"af492784a42768ec0c2ff0ccf7a1e055","4.5.1","0.6.21"
732,TRUE,TRUE,"usable",0.776909818063503,2026101204,"af492784a42768ec0c2ff0ccf7a1e055","4.5.1","0.6.21"
733,TRUE,TRUE,"usable",0.803729207942631,2026101204,"af492784a42768ec0c2ff0ccf7a1e055","4.5.1","0.6.21"
734,TRUE,TRUE,"usable",0.794869698144996,2026101204,"af492784a42768ec0c2ff0ccf7a1e055","4.5.1","0.6.21"
735,TRUE,TRUE,"usable",0.782709994278653,2026101204,"af492784a42768ec0c2ff0ccf7a1e055","4.5.1","0.6.21"
736,TRUE,TRUE,"usable",0.779868758331521,2026101204,"af492784a42768ec0c2ff0ccf7a1e055","4.5.1","0.6.21"
737,TRUE,TRUE,"usable",0.798616377991808,2026101204,"af492784a42768ec0c2ff0ccf7a1e055","4.5.1","0.6.21"
738,TRUE,TRUE,"usable",0.749110048245672,2026101204,"af492784a42768ec0c2ff0ccf7a1e055","4.5.1","0.6.21"
739,TRUE,TRUE,"usable",0.778575585166614,2026101204,"af492784a42768ec0c2ff0ccf7a1e055","4.5.1","0.6.21"
740,TRUE,TRUE,"usable",0.805147969204506,2026101204,"af492784a42768ec0c2ff0ccf7a1e055","4.5.1","0.6.21"
741,TRUE,TRUE,"usable",0.802711929243785,2026101204,"af492784a42768ec0c2ff0ccf7a1e055","4.5.1","0.6.21"
742,TRUE,TRUE,"usable",0.779107050108276,2026101204,"af492784a42768ec0c2ff0ccf7a1e055","4.5.1","0.6.21"
743,TRUE,TRUE,"usable",0.760287655520405,2026101204,"af492784a42768ec0c2ff0ccf7a1e055","4.5.1","0.6.21"
744,TRUE,TRUE,"usable",0.814104129473206,2026101204,"af492784a42768ec0c2ff0ccf7a1e055","4.5.1","0.6.21"
745,TRUE,TRUE,"usable",0.803029678276793,2026101204,"af492784a42768ec0c2ff0ccf7a1e055","4.5.1","0.6.21"
746,TRUE,TRUE,"usable",0.759652879857131,2026101204,"af492784a42768ec0c2ff0ccf7a1e055","4.5.1","0.6.21"
747,TRUE,TRUE,"usable",0.810050666462476,2026101204,"af492784a42768ec0c2ff0ccf7a1e055","4.5.1","0.6.21"
748,TRUE,TRUE,"usable",0.788641125187563,2026101204,"af492784a42768ec0c2ff0ccf7a1e055","4.5.1","0.6.21"
749,TRUE,TRUE,"usable",0.748161900872256,2026101204,"af492784a42768ec0c2ff0ccf7a1e055","4.5.1","0.6.21"
750,TRUE,TRUE,"usable",0.773254207324014,2026101204,"af492784a42768ec0c2ff0ccf7a1e055","4.5.1","0.6.21"
751,TRUE,TRUE,"usable",0.807465820772892,2026101204,"af492784a42768ec0c2ff0ccf7a1e055","4.5.1","0.6.21"
752,TRUE,TRUE,"usable",0.76383763407208,2026101204,"af492784a42768ec0c2ff0ccf7a1e055","4.5.1","0.6.21"
753,TRUE,TRUE,"usable",0.776051505006551,2026101204,"af492784a42768ec0c2ff0ccf7a1e055","4.5.1","0.6.21"
754,TRUE,TRUE,"usable",0.79046171324121,2026101204,"af492784a42768ec0c2ff0ccf7a1e055","4.5.1","0.6.21"
755,TRUE,TRUE,"usable",0.775821477901824,2026101204,"af492784a42768ec0c2ff0ccf7a1e055","4.5.1","0.6.21"
756,TRUE,TRUE,"usable",0.772285171988031,2026101204,"af492784a42768ec0c2ff0ccf7a1e055","4.5.1","0.6.21"
757,TRUE,TRUE,"usable",0.809811884382509,2026101204,"af492784a42768ec0c2ff0ccf7a1e055","4.5.1","0.6.21"
758,TRUE,TRUE,"usable",0.80139790688612,2026101204,"af492784a42768ec0c2ff0ccf7a1e055","4.5.1","0.6.21"
759,TRUE,TRUE,"usable",0.778960263878103,2026101204,"af492784a42768ec0c2ff0ccf7a1e055","4.5.1","0.6.21"
760,TRUE,TRUE,"usable",0.824451560288074,2026101204,"af492784a42768ec0c2ff0ccf7a1e055","4.5.1","0.6.21"
761,TRUE,TRUE,"usable",0.818606189495879,2026101204,"af492784a42768ec0c2ff0ccf7a1e055","4.5.1","0.6.21"
762,TRUE,TRUE,"usable",0.76153997440774,2026101204,"af492784a42768ec0c2ff0ccf7a1e055","4.5.1","0.6.21"
763,TRUE,TRUE,"usable",0.808470921179043,2026101204,"af492784a42768ec0c2ff0ccf7a1e055","4.5.1","0.6.21"
764,TRUE,TRUE,"usable",0.793111037470728,2026101204,"af492784a42768ec0c2ff0ccf7a1e055","4.5.1","0.6.21"
765,TRUE,TRUE,"usable",0.79189850842931,2026101204,"af492784a42768ec0c2ff0ccf7a1e055","4.5.1","0.6.21"
766,TRUE,TRUE,"usable",0.783166581370995,2026101204,"af492784a42768ec0c2ff0ccf7a1e055","4.5.1","0.6.21"
767,TRUE,TRUE,"usable",0.786107914433877,2026101204,"af492784a42768ec0c2ff0ccf7a1e055","4.5.1","0.6.21"
768,TRUE,TRUE,"usable",0.79445838458571,2026101204,"af492784a42768ec0c2ff0ccf7a1e055","4.5.1","0.6.21"
769,TRUE,TRUE,"usable",0.813996202370706,2026101204,"af492784a42768ec0c2ff0ccf7a1e055","4.5.1","0.6.21"
770,TRUE,TRUE,"usable",0.799266829151963,2026101204,"af492784a42768ec0c2ff0ccf7a1e055","4.5.1","0.6.21"
771,TRUE,TRUE,"usable",0.809559251544073,2026101204,"af492784a42768ec0c2ff0ccf7a1e055","4.5.1","0.6.21"
772,TRUE,TRUE,"usable",0.785486376743603,2026101204,"af492784a42768ec0c2ff0ccf7a1e055","4.5.1","0.6.21"
773,TRUE,TRUE,"usable",0.746065734209352,2026101204,"af492784a42768ec0c2ff0ccf7a1e055","4.5.1","0.6.21"
774,TRUE,TRUE,"usable",0.814258854037677,2026101204,"af492784a42768ec0c2ff0ccf7a1e055","4.5.1","0.6.21"
775,TRUE,TRUE,"usable",0.815815431825031,2026101204,"af492784a42768ec0c2ff0ccf7a1e055","4.5.1","0.6.21"
776,TRUE,TRUE,"usable",0.774501887981853,2026101204,"af492784a42768ec0c2ff0ccf7a1e055","4.5.1","0.6.21"
777,TRUE,TRUE,"usable",0.773577571838919,2026101204,"af492784a42768ec0c2ff0ccf7a1e055","4.5.1","0.6.21"
778,TRUE,TRUE,"usable",0.792447667881941,2026101204,"af492784a42768ec0c2ff0ccf7a1e055","4.5.1","0.6.21"
779,TRUE,TRUE,"usable",0.791186906448978,2026101204,"af492784a42768ec0c2ff0ccf7a1e055","4.5.1","0.6.21"
780,TRUE,TRUE,"usable",0.797043198111621,2026101204,"af492784a42768ec0c2ff0ccf7a1e055","4.5.1","0.6.21"
781,TRUE,TRUE,"usable",0.803417191978209,2026101204,"af492784a42768ec0c2ff0ccf7a1e055","4.5.1","0.6.21"
782,TRUE,TRUE,"usable",0.768924206974624,2026101204,"af492784a42768ec0c2ff0ccf7a1e055","4.5.1","0.6.21"
783,TRUE,TRUE,"usable",0.820270378292719,2026101204,"af492784a42768ec0c2ff0ccf7a1e055","4.5.1","0.6.21"
784,TRUE,TRUE,"usable",0.803305620336782,2026101204,"af492784a42768ec0c2ff0ccf7a1e055","4.5.1","0.6.21"
785,TRUE,TRUE,"usable",0.838774175701172,2026101204,"af492784a42768ec0c2ff0ccf7a1e055","4.5.1","0.6.21"
786,TRUE,TRUE,"usable",0.819809312581623,2026101204,"af492784a42768ec0c2ff0ccf7a1e055","4.5.1","0.6.21"
787,TRUE,TRUE,"usable",0.778852661758694,2026101204,"af492784a42768ec0c2ff0ccf7a1e055","4.5.1","0.6.21"
788,TRUE,TRUE,"usable",0.782719301329898,2026101204,"af492784a42768ec0c2ff0ccf7a1e055","4.5.1","0.6.21"
789,TRUE,TRUE,"usable",0.774948547340637,2026101204,"af492784a42768ec0c2ff0ccf7a1e055","4.5.1","0.6.21"
790,TRUE,TRUE,"usable",0.772247697613188,2026101204,"af492784a42768ec0c2ff0ccf7a1e055","4.5.1","0.6.21"
791,TRUE,TRUE,"usable",0.779749981092708,2026101204,"af492784a42768ec0c2ff0ccf7a1e055","4.5.1","0.6.21"
792,TRUE,TRUE,"usable",0.804191089997428,2026101204,"af492784a42768ec0c2ff0ccf7a1e055","4.5.1","0.6.21"
793,TRUE,TRUE,"usable",0.76827924355832,2026101204,"af492784a42768ec0c2ff0ccf7a1e055","4.5.1","0.6.21"
794,TRUE,TRUE,"usable",0.798942309639356,2026101204,"af492784a42768ec0c2ff0ccf7a1e055","4.5.1","0.6.21"
795,TRUE,TRUE,"usable",0.777164398219452,2026101204,"af492784a42768ec0c2ff0ccf7a1e055","4.5.1","0.6.21"
796,TRUE,TRUE,"usable",0.802991858024383,2026101204,"af492784a42768ec0c2ff0ccf7a1e055","4.5.1","0.6.21"
797,TRUE,TRUE,"usable",0.792248492219874,2026101204,"af492784a42768ec0c2ff0ccf7a1e055","4.5.1","0.6.21"
798,TRUE,TRUE,"usable",0.780411891262174,2026101204,"af492784a42768ec0c2ff0ccf7a1e055","4.5.1","0.6.21"
799,TRUE,TRUE,"usable",0.792399063242261,2026101204,"af492784a42768ec0c2ff0ccf7a1e055","4.5.1","0.6.21"
800,TRUE,TRUE,"usable",0.782720119029787,2026101204,"af492784a42768ec0c2ff0ccf7a1e055","4.5.1","0.6.21"
801,TRUE,TRUE,"usable",0.781138832926574,2026101204,"af492784a42768ec0c2ff0ccf7a1e055","4.5.1","0.6.21"
802,TRUE,TRUE,"usable",0.821054040742887,2026101204,"af492784a42768ec0c2ff0ccf7a1e055","4.5.1","0.6.21"
803,TRUE,TRUE,"usable",0.795981335858151,2026101204,"af492784a42768ec0c2ff0ccf7a1e055","4.5.1","0.6.21"
804,TRUE,TRUE,"usable",0.801574440846986,2026101204,"af492784a42768ec0c2ff0ccf7a1e055","4.5.1","0.6.21"
805,TRUE,TRUE,"usable",0.784262857906681,2026101204,"af492784a42768ec0c2ff0ccf7a1e055","4.5.1","0.6.21"
806,TRUE,TRUE,"usable",0.814075325639295,2026101204,"af492784a42768ec0c2ff0ccf7a1e055","4.5.1","0.6.21"
807,TRUE,TRUE,"usable",0.773532903586581,2026101204,"af492784a42768ec0c2ff0ccf7a1e055","4.5.1","0.6.21"
808,TRUE,TRUE,"usable",0.765919881865881,2026101204,"af492784a42768ec0c2ff0ccf7a1e055","4.5.1","0.6.21"
809,TRUE,TRUE,"usable",0.794065089105423,2026101204,"af492784a42768ec0c2ff0ccf7a1e055","4.5.1","0.6.21"
810,TRUE,TRUE,"usable",0.791109834547487,2026101204,"af492784a42768ec0c2ff0ccf7a1e055","4.5.1","0.6.21"
811,TRUE,TRUE,"usable",0.778958974088096,2026101204,"af492784a42768ec0c2ff0ccf7a1e055","4.5.1","0.6.21"
812,TRUE,TRUE,"usable",0.786247763478316,2026101204,"af492784a42768ec0c2ff0ccf7a1e055","4.5.1","0.6.21"
813,TRUE,TRUE,"usable",0.768502127211582,2026101204,"af492784a42768ec0c2ff0ccf7a1e055","4.5.1","0.6.21"
814,TRUE,TRUE,"usable",0.814938276460602,2026101204,"af492784a42768ec0c2ff0ccf7a1e055","4.5.1","0.6.21"
815,TRUE,TRUE,"usable",0.773656479515407,2026101204,"af492784a42768ec0c2ff0ccf7a1e055","4.5.1","0.6.21"
816,TRUE,TRUE,"usable",0.792265022970011,2026101204,"af492784a42768ec0c2ff0ccf7a1e055","4.5.1","0.6.21"
817,TRUE,TRUE,"usable",0.79784157109773,2026101204,"af492784a42768ec0c2ff0ccf7a1e055","4.5.1","0.6.21"
818,TRUE,TRUE,"usable",0.802949634527565,2026101204,"af492784a42768ec0c2ff0ccf7a1e055","4.5.1","0.6.21"
819,TRUE,TRUE,"usable",0.834104955669971,2026101204,"af492784a42768ec0c2ff0ccf7a1e055","4.5.1","0.6.21"
820,TRUE,TRUE,"usable",0.779163231378095,2026101204,"af492784a42768ec0c2ff0ccf7a1e055","4.5.1","0.6.21"
821,TRUE,TRUE,"usable",0.773495789180214,2026101204,"af492784a42768ec0c2ff0ccf7a1e055","4.5.1","0.6.21"
822,TRUE,TRUE,"usable",0.780187529680084,2026101204,"af492784a42768ec0c2ff0ccf7a1e055","4.5.1","0.6.21"
823,TRUE,TRUE,"usable",0.78644347030401,2026101204,"af492784a42768ec0c2ff0ccf7a1e055","4.5.1","0.6.21"
824,TRUE,TRUE,"usable",0.789883382120359,2026101204,"af492784a42768ec0c2ff0ccf7a1e055","4.5.1","0.6.21"
825,TRUE,TRUE,"usable",0.788495817309138,2026101204,"af492784a42768ec0c2ff0ccf7a1e055","4.5.1","0.6.21"
826,TRUE,TRUE,"usable",0.786230534952055,2026101204,"af492784a42768ec0c2ff0ccf7a1e055","4.5.1","0.6.21"
827,TRUE,TRUE,"usable",0.775663688664715,2026101204,"af492784a42768ec0c2ff0ccf7a1e055","4.5.1","0.6.21"
828,TRUE,TRUE,"usable",0.784436916419854,2026101204,"af492784a42768ec0c2ff0ccf7a1e055","4.5.1","0.6.21"
829,TRUE,TRUE,"usable",0.77600595887776,2026101204,"af492784a42768ec0c2ff0ccf7a1e055","4.5.1","0.6.21"
830,TRUE,TRUE,"usable",0.788165690768019,2026101204,"af492784a42768ec0c2ff0ccf7a1e055","4.5.1","0.6.21"
831,TRUE,TRUE,"usable",0.758421138861798,2026101204,"af492784a42768ec0c2ff0ccf7a1e055","4.5.1","0.6.21"
832,TRUE,TRUE,"usable",0.797256607387566,2026101204,"af492784a42768ec0c2ff0ccf7a1e055","4.5.1","0.6.21"
833,TRUE,TRUE,"usable",0.77372719118456,2026101204,"af492784a42768ec0c2ff0ccf7a1e055","4.5.1","0.6.21"
834,TRUE,TRUE,"usable",0.795038770034648,2026101204,"af492784a42768ec0c2ff0ccf7a1e055","4.5.1","0.6.21"
835,TRUE,TRUE,"usable",0.789830861775682,2026101204,"af492784a42768ec0c2ff0ccf7a1e055","4.5.1","0.6.21"
836,TRUE,TRUE,"usable",0.780976816791189,2026101204,"af492784a42768ec0c2ff0ccf7a1e055","4.5.1","0.6.21"
837,TRUE,TRUE,"usable",0.808605264223328,2026101204,"af492784a42768ec0c2ff0ccf7a1e055","4.5.1","0.6.21"
838,TRUE,TRUE,"usable",0.800442034631109,2026101204,"af492784a42768ec0c2ff0ccf7a1e055","4.5.1","0.6.21"
839,TRUE,TRUE,"usable",0.802176073522056,2026101204,"af492784a42768ec0c2ff0ccf7a1e055","4.5.1","0.6.21"
840,TRUE,TRUE,"usable",0.784418927867357,2026101204,"af492784a42768ec0c2ff0ccf7a1e055","4.5.1","0.6.21"
841,TRUE,TRUE,"usable",0.802775704806297,2026101204,"af492784a42768ec0c2ff0ccf7a1e055","4.5.1","0.6.21"
842,TRUE,TRUE,"usable",0.809363189748574,2026101204,"af492784a42768ec0c2ff0ccf7a1e055","4.5.1","0.6.21"
843,TRUE,TRUE,"usable",0.765461603010387,2026101204,"af492784a42768ec0c2ff0ccf7a1e055","4.5.1","0.6.21"
844,TRUE,TRUE,"usable",0.81254196167011,2026101204,"af492784a42768ec0c2ff0ccf7a1e055","4.5.1","0.6.21"
845,TRUE,TRUE,"usable",0.793046946003582,2026101204,"af492784a42768ec0c2ff0ccf7a1e055","4.5.1","0.6.21"
846,TRUE,TRUE,"usable",0.793365930507483,2026101204,"af492784a42768ec0c2ff0ccf7a1e055","4.5.1","0.6.21"
847,TRUE,TRUE,"usable",0.816557013040669,2026101204,"af492784a42768ec0c2ff0ccf7a1e055","4.5.1","0.6.21"
848,TRUE,TRUE,"usable",0.793047518237108,2026101204,"af492784a42768ec0c2ff0ccf7a1e055","4.5.1","0.6.21"
849,TRUE,TRUE,"usable",0.802181096487249,2026101204,"af492784a42768ec0c2ff0ccf7a1e055","4.5.1","0.6.21"
850,TRUE,TRUE,"usable",0.809085202571802,2026101204,"af492784a42768ec0c2ff0ccf7a1e055","4.5.1","0.6.21"
851,TRUE,TRUE,"usable",0.790044924519359,2026101204,"af492784a42768ec0c2ff0ccf7a1e055","4.5.1","0.6.21"
852,TRUE,TRUE,"usable",0.760864542860422,2026101204,"af492784a42768ec0c2ff0ccf7a1e055","4.5.1","0.6.21"
853,TRUE,TRUE,"usable",0.805740776886989,2026101204,"af492784a42768ec0c2ff0ccf7a1e055","4.5.1","0.6.21"
854,TRUE,TRUE,"usable",0.815533467965224,2026101204,"af492784a42768ec0c2ff0ccf7a1e055","4.5.1","0.6.21"
855,TRUE,TRUE,"usable",0.769453111763819,2026101204,"af492784a42768ec0c2ff0ccf7a1e055","4.5.1","0.6.21"
856,TRUE,TRUE,"usable",0.783954741216284,2026101204,"af492784a42768ec0c2ff0ccf7a1e055","4.5.1","0.6.21"
857,TRUE,TRUE,"usable",0.760629011345715,2026101204,"af492784a42768ec0c2ff0ccf7a1e055","4.5.1","0.6.21"
858,TRUE,TRUE,"usable",0.789800695981618,2026101204,"af492784a42768ec0c2ff0ccf7a1e055","4.5.1","0.6.21"
859,TRUE,TRUE,"usable",0.803923454421775,2026101204,"af492784a42768ec0c2ff0ccf7a1e055","4.5.1","0.6.21"
860,TRUE,TRUE,"usable",0.818648727996651,2026101204,"af492784a42768ec0c2ff0ccf7a1e055","4.5.1","0.6.21"
861,TRUE,TRUE,"usable",0.786831650729435,2026101204,"af492784a42768ec0c2ff0ccf7a1e055","4.5.1","0.6.21"
862,TRUE,TRUE,"usable",0.759558551754423,2026101204,"af492784a42768ec0c2ff0ccf7a1e055","4.5.1","0.6.21"
863,TRUE,TRUE,"usable",0.805316891704553,2026101204,"af492784a42768ec0c2ff0ccf7a1e055","4.5.1","0.6.21"
864,TRUE,TRUE,"usable",0.781585309290445,2026101204,"af492784a42768ec0c2ff0ccf7a1e055","4.5.1","0.6.21"
865,TRUE,TRUE,"usable",0.807739579176435,2026101204,"af492784a42768ec0c2ff0ccf7a1e055","4.5.1","0.6.21"
866,TRUE,TRUE,"usable",0.760140565901102,2026101204,"af492784a42768ec0c2ff0ccf7a1e055","4.5.1","0.6.21"
867,TRUE,TRUE,"usable",0.786001240952268,2026101204,"af492784a42768ec0c2ff0ccf7a1e055","4.5.1","0.6.21"
868,TRUE,TRUE,"usable",0.792323327598506,2026101204,"af492784a42768ec0c2ff0ccf7a1e055","4.5.1","0.6.21"
869,TRUE,TRUE,"usable",0.809896047206947,2026101204,"af492784a42768ec0c2ff0ccf7a1e055","4.5.1","0.6.21"
870,TRUE,TRUE,"usable",0.787056550143015,2026101204,"af492784a42768ec0c2ff0ccf7a1e055","4.5.1","0.6.21"
871,TRUE,TRUE,"usable",0.797756945908879,2026101204,"af492784a42768ec0c2ff0ccf7a1e055","4.5.1","0.6.21"
872,TRUE,TRUE,"usable",0.81792661739359,2026101204,"af492784a42768ec0c2ff0ccf7a1e055","4.5.1","0.6.21"
873,TRUE,TRUE,"usable",0.80755909895155,2026101204,"af492784a42768ec0c2ff0ccf7a1e055","4.5.1","0.6.21"
874,TRUE,TRUE,"usable",0.783610621784172,2026101204,"af492784a42768ec0c2ff0ccf7a1e055","4.5.1","0.6.21"
875,TRUE,TRUE,"usable",0.840199313890449,2026101204,"af492784a42768ec0c2ff0ccf7a1e055","4.5.1","0.6.21"
876,TRUE,TRUE,"usable",0.799437845838532,2026101204,"af492784a42768ec0c2ff0ccf7a1e055","4.5.1","0.6.21"
877,TRUE,TRUE,"usable",0.790238619019611,2026101204,"af492784a42768ec0c2ff0ccf7a1e055","4.5.1","0.6.21"
878,TRUE,TRUE,"usable",0.766267623920491,2026101204,"af492784a42768ec0c2ff0ccf7a1e055","4.5.1","0.6.21"
879,TRUE,TRUE,"usable",0.768718791009187,2026101204,"af492784a42768ec0c2ff0ccf7a1e055","4.5.1","0.6.21"
880,TRUE,TRUE,"usable",0.812763765681593,2026101204,"af492784a42768ec0c2ff0ccf7a1e055","4.5.1","0.6.21"
881,TRUE,TRUE,"usable",0.772360140336823,2026101204,"af492784a42768ec0c2ff0ccf7a1e055","4.5.1","0.6.21"
882,TRUE,TRUE,"usable",0.81993923954508,2026101204,"af492784a42768ec0c2ff0ccf7a1e055","4.5.1","0.6.21"
883,TRUE,TRUE,"usable",0.79638908809316,2026101204,"af492784a42768ec0c2ff0ccf7a1e055","4.5.1","0.6.21"
884,TRUE,TRUE,"usable",0.776832409520421,2026101204,"af492784a42768ec0c2ff0ccf7a1e055","4.5.1","0.6.21"
885,TRUE,TRUE,"usable",0.774511344946157,2026101204,"af492784a42768ec0c2ff0ccf7a1e055","4.5.1","0.6.21"
886,TRUE,TRUE,"usable",0.795584487353607,2026101204,"af492784a42768ec0c2ff0ccf7a1e055","4.5.1","0.6.21"
887,TRUE,TRUE,"usable",0.794103639208484,2026101204,"af492784a42768ec0c2ff0ccf7a1e055","4.5.1","0.6.21"
888,TRUE,TRUE,"usable",0.779390170506073,2026101204,"af492784a42768ec0c2ff0ccf7a1e055","4.5.1","0.6.21"
889,TRUE,TRUE,"usable",0.801923588240943,2026101204,"af492784a42768ec0c2ff0ccf7a1e055","4.5.1","0.6.21"
890,TRUE,TRUE,"usable",0.794079683001449,2026101204,"af492784a42768ec0c2ff0ccf7a1e055","4.5.1","0.6.21"
891,TRUE,TRUE,"usable",0.737849973194073,2026101204,"af492784a42768ec0c2ff0ccf7a1e055","4.5.1","0.6.21"
892,TRUE,TRUE,"usable",0.763216540281975,2026101204,"af492784a42768ec0c2ff0ccf7a1e055","4.5.1","0.6.21"
893,TRUE,TRUE,"usable",0.784738829766011,2026101204,"af492784a42768ec0c2ff0ccf7a1e055","4.5.1","0.6.21"
894,TRUE,TRUE,"usable",0.823608002795054,2026101204,"af492784a42768ec0c2ff0ccf7a1e055","4.5.1","0.6.21"
895,TRUE,TRUE,"usable",0.813195976865595,2026101204,"af492784a42768ec0c2ff0ccf7a1e055","4.5.1","0.6.21"
896,TRUE,TRUE,"usable",0.808849925281668,2026101204,"af492784a42768ec0c2ff0ccf7a1e055","4.5.1","0.6.21"
897,TRUE,TRUE,"usable",0.794368350170725,2026101204,"af492784a42768ec0c2ff0ccf7a1e055","4.5.1","0.6.21"
898,TRUE,TRUE,"usable",0.817622957244406,2026101204,"af492784a42768ec0c2ff0ccf7a1e055","4.5.1","0.6.21"
899,TRUE,TRUE,"usable",0.777927992838293,2026101204,"af492784a42768ec0c2ff0ccf7a1e055","4.5.1","0.6.21"
900,TRUE,TRUE,"usable",0.766571316546386,2026101204,"af492784a42768ec0c2ff0ccf7a1e055","4.5.1","0.6.21"
901,TRUE,TRUE,"usable",0.767129857091834,2026101204,"af492784a42768ec0c2ff0ccf7a1e055","4.5.1","0.6.21"
902,TRUE,TRUE,"usable",0.782794762766519,2026101204,"af492784a42768ec0c2ff0ccf7a1e055","4.5.1","0.6.21"
903,TRUE,TRUE,"usable",0.793728725722544,2026101204,"af492784a42768ec0c2ff0ccf7a1e055","4.5.1","0.6.21"
904,TRUE,TRUE,"usable",0.800647883132189,2026101204,"af492784a42768ec0c2ff0ccf7a1e055","4.5.1","0.6.21"
905,TRUE,TRUE,"usable",0.828682912073234,2026101204,"af492784a42768ec0c2ff0ccf7a1e055","4.5.1","0.6.21"
906,TRUE,TRUE,"usable",0.774350931396802,2026101204,"af492784a42768ec0c2ff0ccf7a1e055","4.5.1","0.6.21"
907,TRUE,TRUE,"usable",0.723798962640834,2026101204,"af492784a42768ec0c2ff0ccf7a1e055","4.5.1","0.6.21"
908,TRUE,TRUE,"usable",0.769779220812532,2026101204,"af492784a42768ec0c2ff0ccf7a1e055","4.5.1","0.6.21"
909,TRUE,TRUE,"usable",0.775524532915779,2026101204,"af492784a42768ec0c2ff0ccf7a1e055","4.5.1","0.6.21"
910,TRUE,TRUE,"usable",0.787576541764351,2026101204,"af492784a42768ec0c2ff0ccf7a1e055","4.5.1","0.6.21"
911,TRUE,TRUE,"usable",0.794757862738894,2026101204,"af492784a42768ec0c2ff0ccf7a1e055","4.5.1","0.6.21"
912,TRUE,TRUE,"usable",0.769720148367342,2026101204,"af492784a42768ec0c2ff0ccf7a1e055","4.5.1","0.6.21"
913,TRUE,TRUE,"usable",0.7648405246811,2026101204,"af492784a42768ec0c2ff0ccf7a1e055","4.5.1","0.6.21"
914,TRUE,TRUE,"usable",0.8049676761748,2026101204,"af492784a42768ec0c2ff0ccf7a1e055","4.5.1","0.6.21"
915,TRUE,TRUE,"usable",0.776274626965046,2026101204,"af492784a42768ec0c2ff0ccf7a1e055","4.5.1","0.6.21"
916,TRUE,TRUE,"usable",0.823828996930345,2026101204,"af492784a42768ec0c2ff0ccf7a1e055","4.5.1","0.6.21"
917,TRUE,TRUE,"usable",0.808980076605589,2026101204,"af492784a42768ec0c2ff0ccf7a1e055","4.5.1","0.6.21"
918,TRUE,TRUE,"usable",0.799837684489918,2026101204,"af492784a42768ec0c2ff0ccf7a1e055","4.5.1","0.6.21"
919,TRUE,TRUE,"usable",0.825659307042407,2026101204,"af492784a42768ec0c2ff0ccf7a1e055","4.5.1","0.6.21"
920,TRUE,TRUE,"usable",0.761507755375047,2026101204,"af492784a42768ec0c2ff0ccf7a1e055","4.5.1","0.6.21"
921,TRUE,TRUE,"usable",0.81616694735383,2026101204,"af492784a42768ec0c2ff0ccf7a1e055","4.5.1","0.6.21"
922,TRUE,TRUE,"usable",0.794425467912794,2026101204,"af492784a42768ec0c2ff0ccf7a1e055","4.5.1","0.6.21"
923,TRUE,TRUE,"usable",0.796489367620936,2026101204,"af492784a42768ec0c2ff0ccf7a1e055","4.5.1","0.6.21"
924,TRUE,TRUE,"usable",0.798201362680157,2026101204,"af492784a42768ec0c2ff0ccf7a1e055","4.5.1","0.6.21"
925,TRUE,TRUE,"usable",0.785828681024936,2026101204,"af492784a42768ec0c2ff0ccf7a1e055","4.5.1","0.6.21"
926,TRUE,TRUE,"usable",0.767031976911778,2026101204,"af492784a42768ec0c2ff0ccf7a1e055","4.5.1","0.6.21"
927,TRUE,TRUE,"usable",0.837066206461828,2026101204,"af492784a42768ec0c2ff0ccf7a1e055","4.5.1","0.6.21"
928,TRUE,TRUE,"usable",0.803645981840438,2026101204,"af492784a42768ec0c2ff0ccf7a1e055","4.5.1","0.6.21"
929,TRUE,TRUE,"usable",0.769050672066325,2026101204,"af492784a42768ec0c2ff0ccf7a1e055","4.5.1","0.6.21"
930,TRUE,TRUE,"usable",0.797472080435285,2026101204,"af492784a42768ec0c2ff0ccf7a1e055","4.5.1","0.6.21"
931,TRUE,TRUE,"usable",0.775439103028862,2026101204,"af492784a42768ec0c2ff0ccf7a1e055","4.5.1","0.6.21"
932,TRUE,TRUE,"usable",0.796048195182647,2026101204,"af492784a42768ec0c2ff0ccf7a1e055","4.5.1","0.6.21"
933,TRUE,TRUE,"usable",0.796835441296672,2026101204,"af492784a42768ec0c2ff0ccf7a1e055","4.5.1","0.6.21"
934,TRUE,TRUE,"usable",0.781133785671634,2026101204,"af492784a42768ec0c2ff0ccf7a1e055","4.5.1","0.6.21"
935,TRUE,TRUE,"usable",0.74913424960815,2026101204,"af492784a42768ec0c2ff0ccf7a1e055","4.5.1","0.6.21"
936,TRUE,TRUE,"usable",0.783768803536326,2026101204,"af492784a42768ec0c2ff0ccf7a1e055","4.5.1","0.6.21"
937,TRUE,TRUE,"usable",0.81351158913383,2026101204,"af492784a42768ec0c2ff0ccf7a1e055","4.5.1","0.6.21"
938,TRUE,TRUE,"usable",0.822180231853721,2026101204,"af492784a42768ec0c2ff0ccf7a1e055","4.5.1","0.6.21"
939,TRUE,TRUE,"usable",0.818198000810033,2026101204,"af492784a42768ec0c2ff0ccf7a1e055","4.5.1","0.6.21"
940,TRUE,TRUE,"usable",0.747378841934469,2026101204,"af492784a42768ec0c2ff0ccf7a1e055","4.5.1","0.6.21"
941,TRUE,TRUE,"usable",0.782912358420497,2026101204,"af492784a42768ec0c2ff0ccf7a1e055","4.5.1","0.6.21"
942,TRUE,TRUE,"usable",0.758974550499571,2026101204,"af492784a42768ec0c2ff0ccf7a1e055","4.5.1","0.6.21"
943,TRUE,TRUE,"usable",0.806730578920127,2026101204,"af492784a42768ec0c2ff0ccf7a1e055","4.5.1","0.6.21"
944,TRUE,TRUE,"usable",0.760833572819874,2026101204,"af492784a42768ec0c2ff0ccf7a1e055","4.5.1","0.6.21"
945,TRUE,TRUE,"usable",0.796976399932466,2026101204,"af492784a42768ec0c2ff0ccf7a1e055","4.5.1","0.6.21"
946,TRUE,TRUE,"usable",0.793583047425803,2026101204,"af492784a42768ec0c2ff0ccf7a1e055","4.5.1","0.6.21"
947,TRUE,TRUE,"usable",0.791738839729899,2026101204,"af492784a42768ec0c2ff0ccf7a1e055","4.5.1","0.6.21"
948,TRUE,TRUE,"usable",0.798027854215948,2026101204,"af492784a42768ec0c2ff0ccf7a1e055","4.5.1","0.6.21"
949,TRUE,TRUE,"usable",0.811677963605877,2026101204,"af492784a42768ec0c2ff0ccf7a1e055","4.5.1","0.6.21"
950,TRUE,TRUE,"usable",0.797412380828565,2026101204,"af492784a42768ec0c2ff0ccf7a1e055","4.5.1","0.6.21"
951,TRUE,TRUE,"usable",0.773173336416962,2026101204,"af492784a42768ec0c2ff0ccf7a1e055","4.5.1","0.6.21"
952,TRUE,TRUE,"usable",0.774635244259965,2026101204,"af492784a42768ec0c2ff0ccf7a1e055","4.5.1","0.6.21"
953,TRUE,TRUE,"usable",0.792808200014513,2026101204,"af492784a42768ec0c2ff0ccf7a1e055","4.5.1","0.6.21"
954,TRUE,TRUE,"usable",0.748443178154983,2026101204,"af492784a42768ec0c2ff0ccf7a1e055","4.5.1","0.6.21"
955,TRUE,TRUE,"usable",0.802011748120918,2026101204,"af492784a42768ec0c2ff0ccf7a1e055","4.5.1","0.6.21"
956,TRUE,TRUE,"usable",0.76826143007807,2026101204,"af492784a42768ec0c2ff0ccf7a1e055","4.5.1","0.6.21"
957,TRUE,TRUE,"usable",0.783818058241712,2026101204,"af492784a42768ec0c2ff0ccf7a1e055","4.5.1","0.6.21"
958,TRUE,TRUE,"usable",0.802676402345538,2026101204,"af492784a42768ec0c2ff0ccf7a1e055","4.5.1","0.6.21"
959,TRUE,TRUE,"usable",0.779178565375589,2026101204,"af492784a42768ec0c2ff0ccf7a1e055","4.5.1","0.6.21"
960,TRUE,TRUE,"usable",0.777251318807921,2026101204,"af492784a42768ec0c2ff0ccf7a1e055","4.5.1","0.6.21"
961,TRUE,TRUE,"usable",0.792948626360838,2026101204,"af492784a42768ec0c2ff0ccf7a1e055","4.5.1","0.6.21"
962,TRUE,TRUE,"usable",0.772818789831106,2026101204,"af492784a42768ec0c2ff0ccf7a1e055","4.5.1","0.6.21"
963,TRUE,TRUE,"usable",0.781790423525167,2026101204,"af492784a42768ec0c2ff0ccf7a1e055","4.5.1","0.6.21"
964,TRUE,TRUE,"usable",0.790299754592482,2026101204,"af492784a42768ec0c2ff0ccf7a1e055","4.5.1","0.6.21"
965,TRUE,TRUE,"usable",0.795198325523722,2026101204,"af492784a42768ec0c2ff0ccf7a1e055","4.5.1","0.6.21"
966,TRUE,TRUE,"usable",0.784634690034401,2026101204,"af492784a42768ec0c2ff0ccf7a1e055","4.5.1","0.6.21"
967,TRUE,TRUE,"usable",0.768985737860016,2026101204,"af492784a42768ec0c2ff0ccf7a1e055","4.5.1","0.6.21"
968,TRUE,TRUE,"usable",0.777132640382308,2026101204,"af492784a42768ec0c2ff0ccf7a1e055","4.5.1","0.6.21"
969,TRUE,TRUE,"usable",0.777238341360321,2026101204,"af492784a42768ec0c2ff0ccf7a1e055","4.5.1","0.6.21"
970,TRUE,TRUE,"usable",0.810883664769444,2026101204,"af492784a42768ec0c2ff0ccf7a1e055","4.5.1","0.6.21"
971,TRUE,TRUE,"usable",0.781534878083778,2026101204,"af492784a42768ec0c2ff0ccf7a1e055","4.5.1","0.6.21"
972,TRUE,TRUE,"usable",0.804473014974639,2026101204,"af492784a42768ec0c2ff0ccf7a1e055","4.5.1","0.6.21"
973,TRUE,TRUE,"usable",0.811545117478703,2026101204,"af492784a42768ec0c2ff0ccf7a1e055","4.5.1","0.6.21"
974,TRUE,TRUE,"usable",0.766966206176526,2026101204,"af492784a42768ec0c2ff0ccf7a1e055","4.5.1","0.6.21"
975,TRUE,TRUE,"usable",0.830434842742178,2026101204,"af492784a42768ec0c2ff0ccf7a1e055","4.5.1","0.6.21"
976,TRUE,TRUE,"usable",0.781876787802787,2026101204,"af492784a42768ec0c2ff0ccf7a1e055","4.5.1","0.6.21"
977,TRUE,TRUE,"usable",0.774142533421968,2026101204,"af492784a42768ec0c2ff0ccf7a1e055","4.5.1","0.6.21"
978,TRUE,TRUE,"usable",0.778861915646135,2026101204,"af492784a42768ec0c2ff0ccf7a1e055","4.5.1","0.6.21"
979,TRUE,TRUE,"usable",0.805174255519614,2026101204,"af492784a42768ec0c2ff0ccf7a1e055","4.5.1","0.6.21"
980,TRUE,TRUE,"usable",0.798659792235694,2026101204,"af492784a42768ec0c2ff0ccf7a1e055","4.5.1","0.6.21"
981,TRUE,TRUE,"usable",0.792935776248543,2026101204,"af492784a42768ec0c2ff0ccf7a1e055","4.5.1","0.6.21"
982,TRUE,TRUE,"usable",0.776739417535784,2026101204,"af492784a42768ec0c2ff0ccf7a1e055","4.5.1","0.6.21"
983,TRUE,TRUE,"usable",0.794060394160929,2026101204,"af492784a42768ec0c2ff0ccf7a1e055","4.5.1","0.6.21"
984,TRUE,TRUE,"usable",0.799755415697593,2026101204,"af492784a42768ec0c2ff0ccf7a1e055","4.5.1","0.6.21"
985,TRUE,TRUE,"usable",0.777606218671282,2026101204,"af492784a42768ec0c2ff0ccf7a1e055","4.5.1","0.6.21"
986,TRUE,TRUE,"usable",0.805981308146815,2026101204,"af492784a42768ec0c2ff0ccf7a1e055","4.5.1","0.6.21"
987,TRUE,TRUE,"usable",0.812039797377825,2026101204,"af492784a42768ec0c2ff0ccf7a1e055","4.5.1","0.6.21"
988,TRUE,TRUE,"usable",0.773445998243862,2026101204,"af492784a42768ec0c2ff0ccf7a1e055","4.5.1","0.6.21"
989,TRUE,TRUE,"usable",0.792366137246115,2026101204,"af492784a42768ec0c2ff0ccf7a1e055","4.5.1","0.6.21"
990,TRUE,TRUE,"usable",0.800966707046994,2026101204,"af492784a42768ec0c2ff0ccf7a1e055","4.5.1","0.6.21"
991,TRUE,TRUE,"usable",0.792547768687811,2026101204,"af492784a42768ec0c2ff0ccf7a1e055","4.5.1","0.6.21"
992,TRUE,TRUE,"usable",0.809514772524065,2026101204,"af492784a42768ec0c2ff0ccf7a1e055","4.5.1","0.6.21"
993,TRUE,TRUE,"usable",0.821774530746821,2026101204,"af492784a42768ec0c2ff0ccf7a1e055","4.5.1","0.6.21"
994,TRUE,TRUE,"usable",0.792721506953079,2026101204,"af492784a42768ec0c2ff0ccf7a1e055","4.5.1","0.6.21"
995,TRUE,TRUE,"usable",0.814219251882227,2026101204,"af492784a42768ec0c2ff0ccf7a1e055","4.5.1","0.6.21"
996,TRUE,TRUE,"usable",0.760225409289881,2026101204,"af492784a42768ec0c2ff0ccf7a1e055","4.5.1","0.6.21"
997,TRUE,TRUE,"usable",0.752380463986896,2026101204,"af492784a42768ec0c2ff0ccf7a1e055","4.5.1","0.6.21"
998,TRUE,TRUE,"usable",0.779563593287424,2026101204,"af492784a42768ec0c2ff0ccf7a1e055","4.5.1","0.6.21"
999,TRUE,TRUE,"usable",0.769599510694054,2026101204,"af492784a42768ec0c2ff0ccf7a1e055","4.5.1","0.6.21"
1000,TRUE,TRUE,"usable",0.81021295544615,2026101204,"af492784a42768ec0c2ff0ccf7a1e055","4.5.1","0.6.21"
1001,TRUE,TRUE,"usable",0.821309354904705,2026101204,"af492784a42768ec0c2ff0ccf7a1e055","4.5.1","0.6.21"
1002,TRUE,TRUE,"usable",0.827889954178489,2026101204,"af492784a42768ec0c2ff0ccf7a1e055","4.5.1","0.6.21"
1003,TRUE,TRUE,"usable",0.800791639500337,2026101204,"af492784a42768ec0c2ff0ccf7a1e055","4.5.1","0.6.21"
1004,TRUE,TRUE,"usable",0.792796684717433,2026101204,"af492784a42768ec0c2ff0ccf7a1e055","4.5.1","0.6.21"
1005,TRUE,TRUE,"usable",0.811761862119955,2026101204,"af492784a42768ec0c2ff0ccf7a1e055","4.5.1","0.6.21"
1006,TRUE,TRUE,"usable",0.756580483213982,2026101204,"af492784a42768ec0c2ff0ccf7a1e055","4.5.1","0.6.21"
1007,TRUE,TRUE,"usable",0.77713531585343,2026101204,"af492784a42768ec0c2ff0ccf7a1e055","4.5.1","0.6.21"
1008,TRUE,TRUE,"usable",0.804269080814436,2026101204,"af492784a42768ec0c2ff0ccf7a1e055","4.5.1","0.6.21"
1009,TRUE,TRUE,"usable",0.790457154866096,2026101204,"af492784a42768ec0c2ff0ccf7a1e055","4.5.1","0.6.21"
1010,TRUE,TRUE,"usable",0.781833618642468,2026101204,"af492784a42768ec0c2ff0ccf7a1e055","4.5.1","0.6.21"
1011,TRUE,TRUE,"usable",0.804015550746735,2026101204,"af492784a42768ec0c2ff0ccf7a1e055","4.5.1","0.6.21"
1012,TRUE,TRUE,"usable",0.813867671416199,2026101204,"af492784a42768ec0c2ff0ccf7a1e055","4.5.1","0.6.21"
1013,TRUE,TRUE,"usable",0.796050590053963,2026101204,"af492784a42768ec0c2ff0ccf7a1e055","4.5.1","0.6.21"
1014,TRUE,TRUE,"usable",0.791258712535704,2026101204,"af492784a42768ec0c2ff0ccf7a1e055","4.5.1","0.6.21"
1015,TRUE,TRUE,"usable",0.809610832215964,2026101204,"af492784a42768ec0c2ff0ccf7a1e055","4.5.1","0.6.21"
1016,TRUE,TRUE,"usable",0.764014204715023,2026101204,"af492784a42768ec0c2ff0ccf7a1e055","4.5.1","0.6.21"
1017,TRUE,TRUE,"usable",0.77676555999242,2026101204,"af492784a42768ec0c2ff0ccf7a1e055","4.5.1","0.6.21"
1018,TRUE,TRUE,"usable",0.813126787100741,2026101204,"af492784a42768ec0c2ff0ccf7a1e055","4.5.1","0.6.21"
1019,TRUE,TRUE,"usable",0.789778042948327,2026101204,"af492784a42768ec0c2ff0ccf7a1e055","4.5.1","0.6.21"
1020,TRUE,TRUE,"usable",0.801673147646221,2026101204,"af492784a42768ec0c2ff0ccf7a1e055","4.5.1","0.6.21"
1021,TRUE,TRUE,"usable",0.793793165446135,2026101204,"af492784a42768ec0c2ff0ccf7a1e055","4.5.1","0.6.21"
1022,TRUE,TRUE,"usable",0.796684752582769,2026101204,"af492784a42768ec0c2ff0ccf7a1e055","4.5.1","0.6.21"
1023,TRUE,TRUE,"usable",0.770002026372309,2026101204,"af492784a42768ec0c2ff0ccf7a1e055","4.5.1","0.6.21"
1024,TRUE,TRUE,"usable",0.798566804240273,2026101204,"af492784a42768ec0c2ff0ccf7a1e055","4.5.1","0.6.21"
1025,TRUE,TRUE,"usable",0.770889012957094,2026101204,"af492784a42768ec0c2ff0ccf7a1e055","4.5.1","0.6.21"
1026,TRUE,TRUE,"usable",0.829338206640036,2026101204,"af492784a42768ec0c2ff0ccf7a1e055","4.5.1","0.6.21"
1027,TRUE,TRUE,"usable",0.750893293701583,2026101204,"af492784a42768ec0c2ff0ccf7a1e055","4.5.1","0.6.21"
1028,TRUE,TRUE,"usable",0.78555123722498,2026101204,"af492784a42768ec0c2ff0ccf7a1e055","4.5.1","0.6.21"
1029,TRUE,TRUE,"usable",0.782167176658704,2026101204,"af492784a42768ec0c2ff0ccf7a1e055","4.5.1","0.6.21"
1030,TRUE,TRUE,"usable",0.824142396089559,2026101204,"af492784a42768ec0c2ff0ccf7a1e055","4.5.1","0.6.21"
1031,TRUE,TRUE,"usable",0.810667915569243,2026101204,"af492784a42768ec0c2ff0ccf7a1e055","4.5.1","0.6.21"
1032,TRUE,TRUE,"usable",0.802225793318131,2026101204,"af492784a42768ec0c2ff0ccf7a1e055","4.5.1","0.6.21"
1033,TRUE,TRUE,"usable",0.806540485472137,2026101204,"af492784a42768ec0c2ff0ccf7a1e055","4.5.1","0.6.21"
1034,TRUE,TRUE,"usable",0.777051651765267,2026101204,"af492784a42768ec0c2ff0ccf7a1e055","4.5.1","0.6.21"
1035,TRUE,TRUE,"usable",0.755185012746409,2026101204,"af492784a42768ec0c2ff0ccf7a1e055","4.5.1","0.6.21"
1036,TRUE,TRUE,"usable",0.77263643681103,2026101204,"af492784a42768ec0c2ff0ccf7a1e055","4.5.1","0.6.21"
1037,TRUE,TRUE,"usable",0.771047987046484,2026101204,"af492784a42768ec0c2ff0ccf7a1e055","4.5.1","0.6.21"
1038,TRUE,TRUE,"usable",0.804494384312407,2026101204,"af492784a42768ec0c2ff0ccf7a1e055","4.5.1","0.6.21"
1039,TRUE,TRUE,"usable",0.792074970579649,2026101204,"af492784a42768ec0c2ff0ccf7a1e055","4.5.1","0.6.21"
1040,TRUE,TRUE,"usable",0.813597044568183,2026101204,"af492784a42768ec0c2ff0ccf7a1e055","4.5.1","0.6.21"
1041,TRUE,TRUE,"usable",0.783449756250353,2026101204,"af492784a42768ec0c2ff0ccf7a1e055","4.5.1","0.6.21"
1042,TRUE,TRUE,"usable",0.814080621634751,2026101204,"af492784a42768ec0c2ff0ccf7a1e055","4.5.1","0.6.21"
1043,TRUE,TRUE,"usable",0.800720867252535,2026101204,"af492784a42768ec0c2ff0ccf7a1e055","4.5.1","0.6.21"
1044,TRUE,TRUE,"usable",0.786705684922121,2026101204,"af492784a42768ec0c2ff0ccf7a1e055","4.5.1","0.6.21"
1045,TRUE,TRUE,"usable",0.802001555528512,2026101204,"af492784a42768ec0c2ff0ccf7a1e055","4.5.1","0.6.21"
1046,TRUE,TRUE,"usable",0.777832104589758,2026101204,"af492784a42768ec0c2ff0ccf7a1e055","4.5.1","0.6.21"
1047,TRUE,TRUE,"usable",0.757258338544461,2026101204,"af492784a42768ec0c2ff0ccf7a1e055","4.5.1","0.6.21"
1048,TRUE,TRUE,"usable",0.72070050235879,2026101204,"af492784a42768ec0c2ff0ccf7a1e055","4.5.1","0.6.21"
1049,TRUE,TRUE,"usable",0.798729863533353,2026101204,"af492784a42768ec0c2ff0ccf7a1e055","4.5.1","0.6.21"
1050,TRUE,TRUE,"usable",0.803730046026846,2026101204,"af492784a42768ec0c2ff0ccf7a1e055","4.5.1","0.6.21"
1051,TRUE,TRUE,"usable",0.794919008168531,2026101204,"af492784a42768ec0c2ff0ccf7a1e055","4.5.1","0.6.21"
1052,TRUE,TRUE,"usable",0.819429133078093,2026101204,"af492784a42768ec0c2ff0ccf7a1e055","4.5.1","0.6.21"
1053,TRUE,TRUE,"usable",0.798406844848311,2026101204,"af492784a42768ec0c2ff0ccf7a1e055","4.5.1","0.6.21"
1054,TRUE,TRUE,"usable",0.773480484122997,2026101204,"af492784a42768ec0c2ff0ccf7a1e055","4.5.1","0.6.21"
1055,TRUE,TRUE,"usable",0.805618857367099,2026101204,"af492784a42768ec0c2ff0ccf7a1e055","4.5.1","0.6.21"
1056,TRUE,TRUE,"usable",0.779250798799558,2026101204,"af492784a42768ec0c2ff0ccf7a1e055","4.5.1","0.6.21"
1057,TRUE,TRUE,"usable",0.800668596391529,2026101204,"af492784a42768ec0c2ff0ccf7a1e055","4.5.1","0.6.21"
1058,TRUE,TRUE,"usable",0.798628865095069,2026101204,"af492784a42768ec0c2ff0ccf7a1e055","4.5.1","0.6.21"
1059,TRUE,TRUE,"usable",0.796218049882965,2026101204,"af492784a42768ec0c2ff0ccf7a1e055","4.5.1","0.6.21"
1060,TRUE,TRUE,"usable",0.772884756551026,2026101204,"af492784a42768ec0c2ff0ccf7a1e055","4.5.1","0.6.21"
1061,TRUE,TRUE,"usable",0.793050051611975,2026101204,"af492784a42768ec0c2ff0ccf7a1e055","4.5.1","0.6.21"
1062,TRUE,TRUE,"usable",0.846761305681235,2026101204,"af492784a42768ec0c2ff0ccf7a1e055","4.5.1","0.6.21"
1063,TRUE,TRUE,"usable",0.806512816585542,2026101204,"af492784a42768ec0c2ff0ccf7a1e055","4.5.1","0.6.21"
1064,TRUE,TRUE,"usable",0.762909740762142,2026101204,"af492784a42768ec0c2ff0ccf7a1e055","4.5.1","0.6.21"
1065,TRUE,TRUE,"usable",0.756628818610937,2026101204,"af492784a42768ec0c2ff0ccf7a1e055","4.5.1","0.6.21"
1066,TRUE,TRUE,"usable",0.81719192126557,2026101204,"af492784a42768ec0c2ff0ccf7a1e055","4.5.1","0.6.21"
1067,TRUE,TRUE,"usable",0.801520960059713,2026101204,"af492784a42768ec0c2ff0ccf7a1e055","4.5.1","0.6.21"
1068,TRUE,TRUE,"usable",0.818357356585978,2026101204,"af492784a42768ec0c2ff0ccf7a1e055","4.5.1","0.6.21"
1069,TRUE,TRUE,"usable",0.790136014187179,2026101204,"af492784a42768ec0c2ff0ccf7a1e055","4.5.1","0.6.21"
1070,TRUE,TRUE,"usable",0.791816933278892,2026101204,"af492784a42768ec0c2ff0ccf7a1e055","4.5.1","0.6.21"
1071,TRUE,TRUE,"usable",0.805446838997164,2026101204,"af492784a42768ec0c2ff0ccf7a1e055","4.5.1","0.6.21"
1072,TRUE,TRUE,"usable",0.791663545233488,2026101204,"af492784a42768ec0c2ff0ccf7a1e055","4.5.1","0.6.21"
1073,TRUE,TRUE,"usable",0.796772168701532,2026101204,"af492784a42768ec0c2ff0ccf7a1e055","4.5.1","0.6.21"
1074,TRUE,TRUE,"usable",0.803559821820127,2026101204,"af492784a42768ec0c2ff0ccf7a1e055","4.5.1","0.6.21"
1075,TRUE,TRUE,"usable",0.797937208229825,2026101204,"af492784a42768ec0c2ff0ccf7a1e055","4.5.1","0.6.21"
1076,TRUE,TRUE,"usable",0.821513950930543,2026101204,"af492784a42768ec0c2ff0ccf7a1e055","4.5.1","0.6.21"
1077,TRUE,TRUE,"usable",0.815284373729589,2026101204,"af492784a42768ec0c2ff0ccf7a1e055","4.5.1","0.6.21"
1078,TRUE,TRUE,"usable",0.791247918683469,2026101204,"af492784a42768ec0c2ff0ccf7a1e055","4.5.1","0.6.21"
1079,TRUE,TRUE,"usable",0.773799542315928,2026101204,"af492784a42768ec0c2ff0ccf7a1e055","4.5.1","0.6.21"
1080,TRUE,TRUE,"usable",0.810061968667381,2026101204,"af492784a42768ec0c2ff0ccf7a1e055","4.5.1","0.6.21"
1081,TRUE,TRUE,"usable",0.758133935294121,2026101204,"af492784a42768ec0c2ff0ccf7a1e055","4.5.1","0.6.21"
1082,TRUE,TRUE,"usable",0.778560275096577,2026101204,"af492784a42768ec0c2ff0ccf7a1e055","4.5.1","0.6.21"
1083,TRUE,TRUE,"usable",0.772115315729555,2026101204,"af492784a42768ec0c2ff0ccf7a1e055","4.5.1","0.6.21"
1084,TRUE,TRUE,"usable",0.804839129634647,2026101204,"af492784a42768ec0c2ff0ccf7a1e055","4.5.1","0.6.21"
1085,TRUE,TRUE,"usable",0.774468909952726,2026101204,"af492784a42768ec0c2ff0ccf7a1e055","4.5.1","0.6.21"
1086,TRUE,TRUE,"usable",0.791861640812079,2026101204,"af492784a42768ec0c2ff0ccf7a1e055","4.5.1","0.6.21"
1087,TRUE,TRUE,"usable",0.800243747294105,2026101204,"af492784a42768ec0c2ff0ccf7a1e055","4.5.1","0.6.21"
1088,TRUE,TRUE,"usable",0.801321103795133,2026101204,"af492784a42768ec0c2ff0ccf7a1e055","4.5.1","0.6.21"
1089,TRUE,TRUE,"usable",0.764397754072886,2026101204,"af492784a42768ec0c2ff0ccf7a1e055","4.5.1","0.6.21"
1090,TRUE,TRUE,"usable",0.758807883355749,2026101204,"af492784a42768ec0c2ff0ccf7a1e055","4.5.1","0.6.21"
1091,TRUE,TRUE,"usable",0.806865723417157,2026101204,"af492784a42768ec0c2ff0ccf7a1e055","4.5.1","0.6.21"
1092,TRUE,TRUE,"usable",0.79716744167798,2026101204,"af492784a42768ec0c2ff0ccf7a1e055","4.5.1","0.6.21"
1093,TRUE,TRUE,"usable",0.799530519972646,2026101204,"af492784a42768ec0c2ff0ccf7a1e055","4.5.1","0.6.21"
1094,TRUE,TRUE,"usable",0.764077004353798,2026101204,"af492784a42768ec0c2ff0ccf7a1e055","4.5.1","0.6.21"
1095,TRUE,TRUE,"usable",0.771267851856564,2026101204,"af492784a42768ec0c2ff0ccf7a1e055","4.5.1","0.6.21"
1096,TRUE,TRUE,"usable",0.813576597676525,2026101204,"af492784a42768ec0c2ff0ccf7a1e055","4.5.1","0.6.21"
1097,TRUE,TRUE,"usable",0.802075253890381,2026101204,"af492784a42768ec0c2ff0ccf7a1e055","4.5.1","0.6.21"
1098,TRUE,TRUE,"usable",0.738762647097608,2026101204,"af492784a42768ec0c2ff0ccf7a1e055","4.5.1","0.6.21"
1099,TRUE,TRUE,"usable",0.767113721729338,2026101204,"af492784a42768ec0c2ff0ccf7a1e055","4.5.1","0.6.21"
1100,TRUE,TRUE,"usable",0.790554369715681,2026101204,"af492784a42768ec0c2ff0ccf7a1e055","4.5.1","0.6.21"
1101,TRUE,TRUE,"usable",0.781220906644456,2026101204,"af492784a42768ec0c2ff0ccf7a1e055","4.5.1","0.6.21"
1102,TRUE,TRUE,"usable",0.794908000992631,2026101204,"af492784a42768ec0c2ff0ccf7a1e055","4.5.1","0.6.21"
1103,TRUE,TRUE,"usable",0.771015221937135,2026101204,"af492784a42768ec0c2ff0ccf7a1e055","4.5.1","0.6.21"
1104,TRUE,TRUE,"usable",0.810370680201078,2026101204,"af492784a42768ec0c2ff0ccf7a1e055","4.5.1","0.6.21"
1105,TRUE,TRUE,"usable",0.773314892178678,2026101204,"af492784a42768ec0c2ff0ccf7a1e055","4.5.1","0.6.21"
1106,TRUE,TRUE,"usable",0.765717634499753,2026101204,"af492784a42768ec0c2ff0ccf7a1e055","4.5.1","0.6.21"
1107,TRUE,TRUE,"usable",0.809398468905032,2026101204,"af492784a42768ec0c2ff0ccf7a1e055","4.5.1","0.6.21"
1108,TRUE,TRUE,"usable",0.79799697768741,2026101204,"af492784a42768ec0c2ff0ccf7a1e055","4.5.1","0.6.21"
1109,TRUE,TRUE,"usable",0.804215596791182,2026101204,"af492784a42768ec0c2ff0ccf7a1e055","4.5.1","0.6.21"
1110,TRUE,TRUE,"usable",0.750232849757256,2026101204,"af492784a42768ec0c2ff0ccf7a1e055","4.5.1","0.6.21"
1111,TRUE,TRUE,"usable",0.827776613464547,2026101204,"af492784a42768ec0c2ff0ccf7a1e055","4.5.1","0.6.21"
1112,TRUE,TRUE,"usable",0.802311462943646,2026101204,"af492784a42768ec0c2ff0ccf7a1e055","4.5.1","0.6.21"
1113,TRUE,TRUE,"usable",0.797111172051874,2026101204,"af492784a42768ec0c2ff0ccf7a1e055","4.5.1","0.6.21"
1114,TRUE,TRUE,"usable",0.769782728435474,2026101204,"af492784a42768ec0c2ff0ccf7a1e055","4.5.1","0.6.21"
1115,TRUE,TRUE,"usable",0.795234769436309,2026101204,"af492784a42768ec0c2ff0ccf7a1e055","4.5.1","0.6.21"
1116,TRUE,TRUE,"usable",0.795096329478933,2026101204,"af492784a42768ec0c2ff0ccf7a1e055","4.5.1","0.6.21"
1117,TRUE,TRUE,"usable",0.732094005602417,2026101204,"af492784a42768ec0c2ff0ccf7a1e055","4.5.1","0.6.21"
1118,TRUE,TRUE,"usable",0.770123799328058,2026101204,"af492784a42768ec0c2ff0ccf7a1e055","4.5.1","0.6.21"
1119,TRUE,TRUE,"usable",0.823414466652506,2026101204,"af492784a42768ec0c2ff0ccf7a1e055","4.5.1","0.6.21"
1120,TRUE,TRUE,"usable",0.780660633234713,2026101204,"af492784a42768ec0c2ff0ccf7a1e055","4.5.1","0.6.21"
1121,TRUE,TRUE,"usable",0.818344273912937,2026101204,"af492784a42768ec0c2ff0ccf7a1e055","4.5.1","0.6.21"
1122,TRUE,TRUE,"usable",0.792786067043555,2026101204,"af492784a42768ec0c2ff0ccf7a1e055","4.5.1","0.6.21"
1123,TRUE,TRUE,"usable",0.806212364555518,2026101204,"af492784a42768ec0c2ff0ccf7a1e055","4.5.1","0.6.21"
1124,TRUE,TRUE,"usable",0.777296674044092,2026101204,"af492784a42768ec0c2ff0ccf7a1e055","4.5.1","0.6.21"
1125,TRUE,TRUE,"usable",0.790819465758239,2026101204,"af492784a42768ec0c2ff0ccf7a1e055","4.5.1","0.6.21"
1126,TRUE,TRUE,"usable",0.788550622475403,2026101204,"af492784a42768ec0c2ff0ccf7a1e055","4.5.1","0.6.21"
1127,TRUE,TRUE,"usable",0.765019349331319,2026101204,"af492784a42768ec0c2ff0ccf7a1e055","4.5.1","0.6.21"
1128,TRUE,TRUE,"usable",0.80194112986835,2026101204,"af492784a42768ec0c2ff0ccf7a1e055","4.5.1","0.6.21"
1129,TRUE,TRUE,"usable",0.791677735972781,2026101204,"af492784a42768ec0c2ff0ccf7a1e055","4.5.1","0.6.21"
1130,TRUE,TRUE,"usable",0.787998400440661,2026101204,"af492784a42768ec0c2ff0ccf7a1e055","4.5.1","0.6.21"
1131,TRUE,TRUE,"usable",0.82304067506133,2026101204,"af492784a42768ec0c2ff0ccf7a1e055","4.5.1","0.6.21"
1132,TRUE,TRUE,"usable",0.788326615248701,2026101204,"af492784a42768ec0c2ff0ccf7a1e055","4.5.1","0.6.21"
1133,TRUE,TRUE,"usable",0.815230930894531,2026101204,"af492784a42768ec0c2ff0ccf7a1e055","4.5.1","0.6.21"
1134,TRUE,TRUE,"usable",0.78733804043745,2026101204,"af492784a42768ec0c2ff0ccf7a1e055","4.5.1","0.6.21"
1135,TRUE,TRUE,"usable",0.832196824701461,2026101204,"af492784a42768ec0c2ff0ccf7a1e055","4.5.1","0.6.21"
1136,TRUE,TRUE,"usable",0.786759517860977,2026101204,"af492784a42768ec0c2ff0ccf7a1e055","4.5.1","0.6.21"
1137,TRUE,TRUE,"usable",0.79107745543991,2026101204,"af492784a42768ec0c2ff0ccf7a1e055","4.5.1","0.6.21"
1138,TRUE,TRUE,"usable",0.768525000514152,2026101204,"af492784a42768ec0c2ff0ccf7a1e055","4.5.1","0.6.21"
1139,TRUE,TRUE,"usable",0.791062288321201,2026101204,"af492784a42768ec0c2ff0ccf7a1e055","4.5.1","0.6.21"
1140,TRUE,TRUE,"usable",0.781509640690268,2026101204,"af492784a42768ec0c2ff0ccf7a1e055","4.5.1","0.6.21"
1141,TRUE,TRUE,"usable",0.765939141219494,2026101204,"af492784a42768ec0c2ff0ccf7a1e055","4.5.1","0.6.21"
1142,TRUE,TRUE,"usable",0.80321458973732,2026101204,"af492784a42768ec0c2ff0ccf7a1e055","4.5.1","0.6.21"
1143,TRUE,TRUE,"usable",0.785719723948385,2026101204,"af492784a42768ec0c2ff0ccf7a1e055","4.5.1","0.6.21"
1144,TRUE,TRUE,"usable",0.785183271366361,2026101204,"af492784a42768ec0c2ff0ccf7a1e055","4.5.1","0.6.21"
1145,TRUE,TRUE,"usable",0.799384158705673,2026101204,"af492784a42768ec0c2ff0ccf7a1e055","4.5.1","0.6.21"
1146,TRUE,TRUE,"usable",0.79838452897813,2026101204,"af492784a42768ec0c2ff0ccf7a1e055","4.5.1","0.6.21"
1147,TRUE,TRUE,"usable",0.800924649224187,2026101204,"af492784a42768ec0c2ff0ccf7a1e055","4.5.1","0.6.21"
1148,TRUE,TRUE,"usable",0.762463501036584,2026101204,"af492784a42768ec0c2ff0ccf7a1e055","4.5.1","0.6.21"
1149,TRUE,TRUE,"usable",0.778317160725307,2026101204,"af492784a42768ec0c2ff0ccf7a1e055","4.5.1","0.6.21"
1150,TRUE,TRUE,"usable",0.754382372244585,2026101204,"af492784a42768ec0c2ff0ccf7a1e055","4.5.1","0.6.21"
1151,TRUE,TRUE,"usable",0.778545169402747,2026101204,"af492784a42768ec0c2ff0ccf7a1e055","4.5.1","0.6.21"
1152,TRUE,TRUE,"usable",0.787595010111311,2026101204,"af492784a42768ec0c2ff0ccf7a1e055","4.5.1","0.6.21"
1153,TRUE,TRUE,"usable",0.805938888207191,2026101204,"af492784a42768ec0c2ff0ccf7a1e055","4.5.1","0.6.21"
1154,TRUE,TRUE,"usable",0.772971689030649,2026101204,"af492784a42768ec0c2ff0ccf7a1e055","4.5.1","0.6.21"
1155,TRUE,TRUE,"usable",0.803923937320579,2026101204,"af492784a42768ec0c2ff0ccf7a1e055","4.5.1","0.6.21"
1156,TRUE,TRUE,"usable",0.808550132313048,2026101204,"af492784a42768ec0c2ff0ccf7a1e055","4.5.1","0.6.21"
1157,TRUE,TRUE,"usable",0.807316580691594,2026101204,"af492784a42768ec0c2ff0ccf7a1e055","4.5.1","0.6.21"
1158,TRUE,TRUE,"usable",0.791669871943941,2026101204,"af492784a42768ec0c2ff0ccf7a1e055","4.5.1","0.6.21"
1159,TRUE,TRUE,"usable",0.809562851775413,2026101204,"af492784a42768ec0c2ff0ccf7a1e055","4.5.1","0.6.21"
1160,TRUE,TRUE,"usable",0.811852972368492,2026101204,"af492784a42768ec0c2ff0ccf7a1e055","4.5.1","0.6.21"
1161,TRUE,TRUE,"usable",0.795957172236102,2026101204,"af492784a42768ec0c2ff0ccf7a1e055","4.5.1","0.6.21"
1162,TRUE,TRUE,"usable",0.810610973973814,2026101204,"af492784a42768ec0c2ff0ccf7a1e055","4.5.1","0.6.21"
1163,TRUE,TRUE,"usable",0.812267822219779,2026101204,"af492784a42768ec0c2ff0ccf7a1e055","4.5.1","0.6.21"
1164,TRUE,TRUE,"usable",0.813237525960232,2026101204,"af492784a42768ec0c2ff0ccf7a1e055","4.5.1","0.6.21"
1165,TRUE,TRUE,"usable",0.790246250779198,2026101204,"af492784a42768ec0c2ff0ccf7a1e055","4.5.1","0.6.21"
1166,TRUE,TRUE,"usable",0.811378566380723,2026101204,"af492784a42768ec0c2ff0ccf7a1e055","4.5.1","0.6.21"
1167,TRUE,TRUE,"usable",0.767938966999445,2026101204,"af492784a42768ec0c2ff0ccf7a1e055","4.5.1","0.6.21"
1168,TRUE,TRUE,"usable",0.794827284309954,2026101204,"af492784a42768ec0c2ff0ccf7a1e055","4.5.1","0.6.21"
1169,TRUE,TRUE,"usable",0.768761413666922,2026101204,"af492784a42768ec0c2ff0ccf7a1e055","4.5.1","0.6.21"
1170,TRUE,TRUE,"usable",0.788786055297187,2026101204,"af492784a42768ec0c2ff0ccf7a1e055","4.5.1","0.6.21"
1171,TRUE,TRUE,"usable",0.804365697921843,2026101204,"af492784a42768ec0c2ff0ccf7a1e055","4.5.1","0.6.21"
1172,TRUE,TRUE,"usable",0.799234357583392,2026101204,"af492784a42768ec0c2ff0ccf7a1e055","4.5.1","0.6.21"
1173,TRUE,TRUE,"usable",0.771371853920894,2026101204,"af492784a42768ec0c2ff0ccf7a1e055","4.5.1","0.6.21"
1174,TRUE,TRUE,"usable",0.774543266968461,2026101204,"af492784a42768ec0c2ff0ccf7a1e055","4.5.1","0.6.21"
1175,TRUE,TRUE,"usable",0.809878373786519,2026101204,"af492784a42768ec0c2ff0ccf7a1e055","4.5.1","0.6.21"
1176,TRUE,TRUE,"usable",0.777919409271162,2026101204,"af492784a42768ec0c2ff0ccf7a1e055","4.5.1","0.6.21"
1177,TRUE,TRUE,"usable",0.792541462402253,2026101204,"af492784a42768ec0c2ff0ccf7a1e055","4.5.1","0.6.21"
1178,TRUE,TRUE,"usable",0.781551030815548,2026101204,"af492784a42768ec0c2ff0ccf7a1e055","4.5.1","0.6.21"
1179,TRUE,TRUE,"usable",0.778517524393122,2026101204,"af492784a42768ec0c2ff0ccf7a1e055","4.5.1","0.6.21"
1180,TRUE,TRUE,"usable",0.794663586817263,2026101204,"af492784a42768ec0c2ff0ccf7a1e055","4.5.1","0.6.21"
1181,TRUE,TRUE,"usable",0.779137013133587,2026101204,"af492784a42768ec0c2ff0ccf7a1e055","4.5.1","0.6.21"
1182,TRUE,TRUE,"usable",0.81491831843887,2026101204,"af492784a42768ec0c2ff0ccf7a1e055","4.5.1","0.6.21"
1183,TRUE,TRUE,"usable",0.799992267627126,2026101204,"af492784a42768ec0c2ff0ccf7a1e055","4.5.1","0.6.21"
1184,TRUE,TRUE,"usable",0.760979408723592,2026101204,"af492784a42768ec0c2ff0ccf7a1e055","4.5.1","0.6.21"
1185,TRUE,TRUE,"usable",0.813532435103644,2026101204,"af492784a42768ec0c2ff0ccf7a1e055","4.5.1","0.6.21"
1186,TRUE,TRUE,"usable",0.800875709037626,2026101204,"af492784a42768ec0c2ff0ccf7a1e055","4.5.1","0.6.21"
1187,TRUE,TRUE,"usable",0.791012365622908,2026101204,"af492784a42768ec0c2ff0ccf7a1e055","4.5.1","0.6.21"
1188,TRUE,TRUE,"usable",0.785802911351176,2026101204,"af492784a42768ec0c2ff0ccf7a1e055","4.5.1","0.6.21"
1189,TRUE,TRUE,"usable",0.800597603063933,2026101204,"af492784a42768ec0c2ff0ccf7a1e055","4.5.1","0.6.21"
1190,TRUE,TRUE,"usable",0.758157712458598,2026101204,"af492784a42768ec0c2ff0ccf7a1e055","4.5.1","0.6.21"
1191,TRUE,TRUE,"usable",0.794000885813273,2026101204,"af492784a42768ec0c2ff0ccf7a1e055","4.5.1","0.6.21"
1192,TRUE,TRUE,"usable",0.79482385771101,2026101204,"af492784a42768ec0c2ff0ccf7a1e055","4.5.1","0.6.21"
1193,TRUE,TRUE,"usable",0.810272459939279,2026101204,"af492784a42768ec0c2ff0ccf7a1e055","4.5.1","0.6.21"
1194,TRUE,TRUE,"usable",0.788878756473959,2026101204,"af492784a42768ec0c2ff0ccf7a1e055","4.5.1","0.6.21"
1195,TRUE,TRUE,"usable",0.741100604459686,2026101204,"af492784a42768ec0c2ff0ccf7a1e055","4.5.1","0.6.21"
1196,TRUE,TRUE,"usable",0.799183879902009,2026101204,"af492784a42768ec0c2ff0ccf7a1e055","4.5.1","0.6.21"
1197,TRUE,TRUE,"usable",0.826147359131368,2026101204,"af492784a42768ec0c2ff0ccf7a1e055","4.5.1","0.6.21"
1198,TRUE,TRUE,"usable",0.771788597432942,2026101204,"af492784a42768ec0c2ff0ccf7a1e055","4.5.1","0.6.21"
1199,TRUE,TRUE,"usable",0.829748232022247,2026101204,"af492784a42768ec0c2ff0ccf7a1e055","4.5.1","0.6.21"
1200,TRUE,TRUE,"usable",0.783300659916634,2026101204,"af492784a42768ec0c2ff0ccf7a1e055","4.5.1","0.6.21"
1201,TRUE,TRUE,"usable",0.822590909871467,2026101204,"af492784a42768ec0c2ff0ccf7a1e055","4.5.1","0.6.21"
1202,TRUE,TRUE,"usable",0.835976531091683,2026101204,"af492784a42768ec0c2ff0ccf7a1e055","4.5.1","0.6.21"
1203,TRUE,TRUE,"usable",0.817003927911875,2026101204,"af492784a42768ec0c2ff0ccf7a1e055","4.5.1","0.6.21"
1204,TRUE,TRUE,"usable",0.830928666616301,2026101204,"af492784a42768ec0c2ff0ccf7a1e055","4.5.1","0.6.21"
1205,TRUE,TRUE,"usable",0.79830075962818,2026101204,"af492784a42768ec0c2ff0ccf7a1e055","4.5.1","0.6.21"
1206,TRUE,TRUE,"usable",0.795088798886556,2026101204,"af492784a42768ec0c2ff0ccf7a1e055","4.5.1","0.6.21"
1207,TRUE,TRUE,"usable",0.78866398510807,2026101204,"af492784a42768ec0c2ff0ccf7a1e055","4.5.1","0.6.21"
1208,TRUE,TRUE,"usable",0.797535670134937,2026101204,"af492784a42768ec0c2ff0ccf7a1e055","4.5.1","0.6.21"
1209,TRUE,TRUE,"usable",0.798938659126526,2026101204,"af492784a42768ec0c2ff0ccf7a1e055","4.5.1","0.6.21"
1210,TRUE,TRUE,"usable",0.784317323781302,2026101204,"af492784a42768ec0c2ff0ccf7a1e055","4.5.1","0.6.21"
1211,TRUE,TRUE,"usable",0.766706346803349,2026101204,"af492784a42768ec0c2ff0ccf7a1e055","4.5.1","0.6.21"
1212,TRUE,TRUE,"usable",0.803375921631849,2026101204,"af492784a42768ec0c2ff0ccf7a1e055","4.5.1","0.6.21"
1213,TRUE,TRUE,"usable",0.777691920469052,2026101204,"af492784a42768ec0c2ff0ccf7a1e055","4.5.1","0.6.21"
1214,TRUE,TRUE,"usable",0.766862501897007,2026101204,"af492784a42768ec0c2ff0ccf7a1e055","4.5.1","0.6.21"
1215,TRUE,TRUE,"usable",0.822059923454232,2026101204,"af492784a42768ec0c2ff0ccf7a1e055","4.5.1","0.6.21"
1216,TRUE,TRUE,"usable",0.766931622613516,2026101204,"af492784a42768ec0c2ff0ccf7a1e055","4.5.1","0.6.21"
1217,TRUE,TRUE,"usable",0.782827315158171,2026101204,"af492784a42768ec0c2ff0ccf7a1e055","4.5.1","0.6.21"
1218,TRUE,TRUE,"usable",0.809300453381932,2026101204,"af492784a42768ec0c2ff0ccf7a1e055","4.5.1","0.6.21"
1219,TRUE,TRUE,"usable",0.81658978341262,2026101204,"af492784a42768ec0c2ff0ccf7a1e055","4.5.1","0.6.21"
1220,TRUE,TRUE,"usable",0.817274854823314,2026101204,"af492784a42768ec0c2ff0ccf7a1e055","4.5.1","0.6.21"
1221,TRUE,TRUE,"usable",0.763229446944388,2026101204,"af492784a42768ec0c2ff0ccf7a1e055","4.5.1","0.6.21"
1222,TRUE,TRUE,"usable",0.784879926938985,2026101204,"af492784a42768ec0c2ff0ccf7a1e055","4.5.1","0.6.21"
1223,TRUE,TRUE,"usable",0.78090637631907,2026101204,"af492784a42768ec0c2ff0ccf7a1e055","4.5.1","0.6.21"
1224,TRUE,TRUE,"usable",0.817312514375563,2026101204,"af492784a42768ec0c2ff0ccf7a1e055","4.5.1","0.6.21"
1225,TRUE,TRUE,"usable",0.815645429811543,2026101204,"af492784a42768ec0c2ff0ccf7a1e055","4.5.1","0.6.21"
1226,TRUE,TRUE,"usable",0.796104890934038,2026101204,"af492784a42768ec0c2ff0ccf7a1e055","4.5.1","0.6.21"
1227,TRUE,TRUE,"usable",0.797031521606301,2026101204,"af492784a42768ec0c2ff0ccf7a1e055","4.5.1","0.6.21"
1228,TRUE,TRUE,"usable",0.787986831202499,2026101204,"af492784a42768ec0c2ff0ccf7a1e055","4.5.1","0.6.21"
1229,TRUE,TRUE,"usable",0.779038533003399,2026101204,"af492784a42768ec0c2ff0ccf7a1e055","4.5.1","0.6.21"
1230,TRUE,TRUE,"usable",0.784568656524732,2026101204,"af492784a42768ec0c2ff0ccf7a1e055","4.5.1","0.6.21"
1231,TRUE,TRUE,"usable",0.773106478280064,2026101204,"af492784a42768ec0c2ff0ccf7a1e055","4.5.1","0.6.21"
1232,TRUE,TRUE,"usable",0.781623338083418,2026101204,"af492784a42768ec0c2ff0ccf7a1e055","4.5.1","0.6.21"
1233,TRUE,TRUE,"usable",0.824182656725843,2026101204,"af492784a42768ec0c2ff0ccf7a1e055","4.5.1","0.6.21"
1234,TRUE,TRUE,"usable",0.786088447399678,2026101204,"af492784a42768ec0c2ff0ccf7a1e055","4.5.1","0.6.21"
1235,TRUE,TRUE,"usable",0.789258584886757,2026101204,"af492784a42768ec0c2ff0ccf7a1e055","4.5.1","0.6.21"
1236,TRUE,TRUE,"usable",0.808434652298274,2026101204,"af492784a42768ec0c2ff0ccf7a1e055","4.5.1","0.6.21"
1237,TRUE,TRUE,"usable",0.822712064663567,2026101204,"af492784a42768ec0c2ff0ccf7a1e055","4.5.1","0.6.21"
1238,TRUE,TRUE,"usable",0.770319453108392,2026101204,"af492784a42768ec0c2ff0ccf7a1e055","4.5.1","0.6.21"
1239,TRUE,TRUE,"usable",0.808350274273186,2026101204,"af492784a42768ec0c2ff0ccf7a1e055","4.5.1","0.6.21"
1240,TRUE,TRUE,"usable",0.756611641260906,2026101204,"af492784a42768ec0c2ff0ccf7a1e055","4.5.1","0.6.21"
1241,TRUE,TRUE,"usable",0.773599082226961,2026101204,"af492784a42768ec0c2ff0ccf7a1e055","4.5.1","0.6.21"
1242,TRUE,TRUE,"usable",0.804882177389731,2026101204,"af492784a42768ec0c2ff0ccf7a1e055","4.5.1","0.6.21"
1243,TRUE,TRUE,"usable",0.770641029961839,2026101204,"af492784a42768ec0c2ff0ccf7a1e055","4.5.1","0.6.21"
1244,TRUE,TRUE,"usable",0.80029626756711,2026101204,"af492784a42768ec0c2ff0ccf7a1e055","4.5.1","0.6.21"
1245,TRUE,TRUE,"usable",0.814360059847966,2026101204,"af492784a42768ec0c2ff0ccf7a1e055","4.5.1","0.6.21"
1246,TRUE,TRUE,"usable",0.836352380691003,2026101204,"af492784a42768ec0c2ff0ccf7a1e055","4.5.1","0.6.21"
1247,TRUE,TRUE,"usable",0.803590912379143,2026101204,"af492784a42768ec0c2ff0ccf7a1e055","4.5.1","0.6.21"
1248,TRUE,TRUE,"usable",0.790603711458592,2026101204,"af492784a42768ec0c2ff0ccf7a1e055","4.5.1","0.6.21"
1249,TRUE,TRUE,"usable",0.830456354986394,2026101204,"af492784a42768ec0c2ff0ccf7a1e055","4.5.1","0.6.21"
1250,TRUE,TRUE,"usable",0.793885609988102,2026101204,"af492784a42768ec0c2ff0ccf7a1e055","4.5.1","0.6.21"
1251,TRUE,TRUE,"usable",0.771744874656913,2026101204,"af492784a42768ec0c2ff0ccf7a1e055","4.5.1","0.6.21"
1252,TRUE,TRUE,"usable",0.8183500112181,2026101204,"af492784a42768ec0c2ff0ccf7a1e055","4.5.1","0.6.21"
1253,TRUE,TRUE,"usable",0.795482621020507,2026101204,"af492784a42768ec0c2ff0ccf7a1e055","4.5.1","0.6.21"
1254,TRUE,TRUE,"usable",0.786096972898925,2026101204,"af492784a42768ec0c2ff0ccf7a1e055","4.5.1","0.6.21"
1255,TRUE,TRUE,"usable",0.759971835428998,2026101204,"af492784a42768ec0c2ff0ccf7a1e055","4.5.1","0.6.21"
1256,TRUE,TRUE,"usable",0.770339909479951,2026101204,"af492784a42768ec0c2ff0ccf7a1e055","4.5.1","0.6.21"
1257,TRUE,TRUE,"usable",0.810229883058682,2026101204,"af492784a42768ec0c2ff0ccf7a1e055","4.5.1","0.6.21"
1258,TRUE,TRUE,"usable",0.773041120147056,2026101204,"af492784a42768ec0c2ff0ccf7a1e055","4.5.1","0.6.21"
1259,TRUE,TRUE,"usable",0.810148926476713,2026101204,"af492784a42768ec0c2ff0ccf7a1e055","4.5.1","0.6.21"
1260,TRUE,TRUE,"usable",0.796600355359569,2026101204,"af492784a42768ec0c2ff0ccf7a1e055","4.5.1","0.6.21"
1261,TRUE,TRUE,"usable",0.795794436857347,2026101204,"af492784a42768ec0c2ff0ccf7a1e055","4.5.1","0.6.21"
1262,TRUE,TRUE,"usable",0.837702279010016,2026101204,"af492784a42768ec0c2ff0ccf7a1e055","4.5.1","0.6.21"
1263,TRUE,TRUE,"usable",0.804251795475405,2026101204,"af492784a42768ec0c2ff0ccf7a1e055","4.5.1","0.6.21"
1264,TRUE,TRUE,"usable",0.805804969673934,2026101204,"af492784a42768ec0c2ff0ccf7a1e055","4.5.1","0.6.21"
1265,TRUE,TRUE,"usable",0.779035250901621,2026101204,"af492784a42768ec0c2ff0ccf7a1e055","4.5.1","0.6.21"
1266,TRUE,TRUE,"usable",0.784371569566492,2026101204,"af492784a42768ec0c2ff0ccf7a1e055","4.5.1","0.6.21"
1267,TRUE,TRUE,"usable",0.796043346955654,2026101204,"af492784a42768ec0c2ff0ccf7a1e055","4.5.1","0.6.21"
1268,TRUE,TRUE,"usable",0.815285481870169,2026101204,"af492784a42768ec0c2ff0ccf7a1e055","4.5.1","0.6.21"
1269,TRUE,TRUE,"usable",0.794092112606641,2026101204,"af492784a42768ec0c2ff0ccf7a1e055","4.5.1","0.6.21"
1270,TRUE,TRUE,"usable",0.80519239651555,2026101204,"af492784a42768ec0c2ff0ccf7a1e055","4.5.1","0.6.21"
1271,TRUE,TRUE,"usable",0.796729556402344,2026101204,"af492784a42768ec0c2ff0ccf7a1e055","4.5.1","0.6.21"
1272,TRUE,TRUE,"usable",0.79526462899528,2026101204,"af492784a42768ec0c2ff0ccf7a1e055","4.5.1","0.6.21"
1273,TRUE,TRUE,"usable",0.806885257697152,2026101204,"af492784a42768ec0c2ff0ccf7a1e055","4.5.1","0.6.21"
1274,TRUE,TRUE,"usable",0.797170310670349,2026101204,"af492784a42768ec0c2ff0ccf7a1e055","4.5.1","0.6.21"
1275,TRUE,TRUE,"usable",0.817444379401757,2026101204,"af492784a42768ec0c2ff0ccf7a1e055","4.5.1","0.6.21"
1276,TRUE,TRUE,"usable",0.787976071822798,2026101204,"af492784a42768ec0c2ff0ccf7a1e055","4.5.1","0.6.21"
1277,TRUE,TRUE,"usable",0.77718165535276,2026101204,"af492784a42768ec0c2ff0ccf7a1e055","4.5.1","0.6.21"
1278,TRUE,TRUE,"usable",0.794821474258292,2026101204,"af492784a42768ec0c2ff0ccf7a1e055","4.5.1","0.6.21"
1279,TRUE,TRUE,"usable",0.804557971673534,2026101204,"af492784a42768ec0c2ff0ccf7a1e055","4.5.1","0.6.21"
1280,TRUE,TRUE,"usable",0.768543056928824,2026101204,"af492784a42768ec0c2ff0ccf7a1e055","4.5.1","0.6.21"
1281,TRUE,TRUE,"usable",0.768395029457227,2026101204,"af492784a42768ec0c2ff0ccf7a1e055","4.5.1","0.6.21"
1282,TRUE,TRUE,"usable",0.829368352895672,2026101204,"af492784a42768ec0c2ff0ccf7a1e055","4.5.1","0.6.21"
1283,TRUE,TRUE,"usable",0.802868856128944,2026101204,"af492784a42768ec0c2ff0ccf7a1e055","4.5.1","0.6.21"
1284,TRUE,TRUE,"usable",0.775094562386619,2026101204,"af492784a42768ec0c2ff0ccf7a1e055","4.5.1","0.6.21"
1285,TRUE,TRUE,"usable",0.761353222024931,2026101204,"af492784a42768ec0c2ff0ccf7a1e055","4.5.1","0.6.21"
1286,TRUE,TRUE,"usable",0.800387696413205,2026101204,"af492784a42768ec0c2ff0ccf7a1e055","4.5.1","0.6.21"
1287,TRUE,TRUE,"usable",0.797749147195774,2026101204,"af492784a42768ec0c2ff0ccf7a1e055","4.5.1","0.6.21"
1288,TRUE,TRUE,"usable",0.806260464872314,2026101204,"af492784a42768ec0c2ff0ccf7a1e055","4.5.1","0.6.21"
1289,TRUE,TRUE,"usable",0.790513960290401,2026101204,"af492784a42768ec0c2ff0ccf7a1e055","4.5.1","0.6.21"
1290,TRUE,TRUE,"usable",0.798143392489435,2026101204,"af492784a42768ec0c2ff0ccf7a1e055","4.5.1","0.6.21"
1291,TRUE,TRUE,"usable",0.783537211412842,2026101204,"af492784a42768ec0c2ff0ccf7a1e055","4.5.1","0.6.21"
1292,TRUE,TRUE,"usable",0.826443025128409,2026101204,"af492784a42768ec0c2ff0ccf7a1e055","4.5.1","0.6.21"
1293,TRUE,TRUE,"usable",0.712136797450018,2026101204,"af492784a42768ec0c2ff0ccf7a1e055","4.5.1","0.6.21"
1294,TRUE,TRUE,"usable",0.809387546868052,2026101204,"af492784a42768ec0c2ff0ccf7a1e055","4.5.1","0.6.21"
1295,TRUE,TRUE,"usable",0.803815089330137,2026101204,"af492784a42768ec0c2ff0ccf7a1e055","4.5.1","0.6.21"
1296,TRUE,TRUE,"usable",0.79802614888448,2026101204,"af492784a42768ec0c2ff0ccf7a1e055","4.5.1","0.6.21"
1297,TRUE,TRUE,"usable",0.795784063331831,2026101204,"af492784a42768ec0c2ff0ccf7a1e055","4.5.1","0.6.21"
1298,TRUE,TRUE,"usable",0.811988073316797,2026101204,"af492784a42768ec0c2ff0ccf7a1e055","4.5.1","0.6.21"
1299,TRUE,TRUE,"usable",0.784161321779703,2026101204,"af492784a42768ec0c2ff0ccf7a1e055","4.5.1","0.6.21"
1300,TRUE,TRUE,"usable",0.792126033288957,2026101204,"af492784a42768ec0c2ff0ccf7a1e055","4.5.1","0.6.21"
1301,TRUE,TRUE,"usable",0.794756827302229,2026101204,"af492784a42768ec0c2ff0ccf7a1e055","4.5.1","0.6.21"
1302,TRUE,TRUE,"usable",0.79585053800126,2026101204,"af492784a42768ec0c2ff0ccf7a1e055","4.5.1","0.6.21"
1303,TRUE,TRUE,"usable",0.789156278875257,2026101204,"af492784a42768ec0c2ff0ccf7a1e055","4.5.1","0.6.21"
1304,TRUE,TRUE,"usable",0.755016086905858,2026101204,"af492784a42768ec0c2ff0ccf7a1e055","4.5.1","0.6.21"
1305,TRUE,TRUE,"usable",0.825331745171025,2026101204,"af492784a42768ec0c2ff0ccf7a1e055","4.5.1","0.6.21"
1306,TRUE,TRUE,"usable",0.783765399675194,2026101204,"af492784a42768ec0c2ff0ccf7a1e055","4.5.1","0.6.21"
1307,TRUE,TRUE,"usable",0.782951643885992,2026101204,"af492784a42768ec0c2ff0ccf7a1e055","4.5.1","0.6.21"
1308,TRUE,TRUE,"usable",0.803389031208738,2026101204,"af492784a42768ec0c2ff0ccf7a1e055","4.5.1","0.6.21"
1309,TRUE,TRUE,"usable",0.813263145229583,2026101204,"af492784a42768ec0c2ff0ccf7a1e055","4.5.1","0.6.21"
1310,TRUE,TRUE,"usable",0.802348425781845,2026101204,"af492784a42768ec0c2ff0ccf7a1e055","4.5.1","0.6.21"
1311,TRUE,TRUE,"usable",0.800159439729568,2026101204,"af492784a42768ec0c2ff0ccf7a1e055","4.5.1","0.6.21"
1312,TRUE,TRUE,"usable",0.785030856865407,2026101204,"af492784a42768ec0c2ff0ccf7a1e055","4.5.1","0.6.21"
1313,TRUE,TRUE,"usable",0.81694242754835,2026101204,"af492784a42768ec0c2ff0ccf7a1e055","4.5.1","0.6.21"
1314,TRUE,TRUE,"usable",0.817184246553887,2026101204,"af492784a42768ec0c2ff0ccf7a1e055","4.5.1","0.6.21"
1315,TRUE,TRUE,"usable",0.797652613933014,2026101204,"af492784a42768ec0c2ff0ccf7a1e055","4.5.1","0.6.21"
1316,TRUE,TRUE,"usable",0.774039571556279,2026101204,"af492784a42768ec0c2ff0ccf7a1e055","4.5.1","0.6.21"
1317,TRUE,TRUE,"usable",0.826618354641377,2026101204,"af492784a42768ec0c2ff0ccf7a1e055","4.5.1","0.6.21"
1318,TRUE,TRUE,"usable",0.772686321741083,2026101204,"af492784a42768ec0c2ff0ccf7a1e055","4.5.1","0.6.21"
1319,TRUE,TRUE,"usable",0.819256477562879,2026101204,"af492784a42768ec0c2ff0ccf7a1e055","4.5.1","0.6.21"
1320,TRUE,TRUE,"usable",0.814644214527247,2026101204,"af492784a42768ec0c2ff0ccf7a1e055","4.5.1","0.6.21"
1321,TRUE,TRUE,"usable",0.824069629332776,2026101204,"af492784a42768ec0c2ff0ccf7a1e055","4.5.1","0.6.21"
1322,TRUE,TRUE,"usable",0.779858807721677,2026101204,"af492784a42768ec0c2ff0ccf7a1e055","4.5.1","0.6.21"
1323,TRUE,TRUE,"usable",0.76505497138405,2026101204,"af492784a42768ec0c2ff0ccf7a1e055","4.5.1","0.6.21"
1324,TRUE,TRUE,"usable",0.798507981411427,2026101204,"af492784a42768ec0c2ff0ccf7a1e055","4.5.1","0.6.21"
1325,TRUE,TRUE,"usable",0.770335593495989,2026101204,"af492784a42768ec0c2ff0ccf7a1e055","4.5.1","0.6.21"
1326,TRUE,TRUE,"usable",0.794401896477622,2026101204,"af492784a42768ec0c2ff0ccf7a1e055","4.5.1","0.6.21"
1327,TRUE,TRUE,"usable",0.791606443622453,2026101204,"af492784a42768ec0c2ff0ccf7a1e055","4.5.1","0.6.21"
1328,TRUE,TRUE,"usable",0.739124369178147,2026101204,"af492784a42768ec0c2ff0ccf7a1e055","4.5.1","0.6.21"
1329,TRUE,TRUE,"usable",0.810181707958446,2026101204,"af492784a42768ec0c2ff0ccf7a1e055","4.5.1","0.6.21"
1330,TRUE,TRUE,"usable",0.799623652942656,2026101204,"af492784a42768ec0c2ff0ccf7a1e055","4.5.1","0.6.21"
1331,TRUE,TRUE,"usable",0.810166289690705,2026101204,"af492784a42768ec0c2ff0ccf7a1e055","4.5.1","0.6.21"
1332,TRUE,TRUE,"usable",0.79800659514372,2026101204,"af492784a42768ec0c2ff0ccf7a1e055","4.5.1","0.6.21"
1333,TRUE,TRUE,"usable",0.778828688733739,2026101204,"af492784a42768ec0c2ff0ccf7a1e055","4.5.1","0.6.21"
1334,TRUE,TRUE,"usable",0.771407958520888,2026101204,"af492784a42768ec0c2ff0ccf7a1e055","4.5.1","0.6.21"
1335,TRUE,TRUE,"usable",0.777580152232902,2026101204,"af492784a42768ec0c2ff0ccf7a1e055","4.5.1","0.6.21"
1336,TRUE,TRUE,"usable",0.785683940309833,2026101204,"af492784a42768ec0c2ff0ccf7a1e055","4.5.1","0.6.21"
1337,TRUE,TRUE,"usable",0.794355977738664,2026101204,"af492784a42768ec0c2ff0ccf7a1e055","4.5.1","0.6.21"
1338,TRUE,TRUE,"usable",0.792363872102743,2026101204,"af492784a42768ec0c2ff0ccf7a1e055","4.5.1","0.6.21"
1339,TRUE,TRUE,"usable",0.789290914150558,2026101204,"af492784a42768ec0c2ff0ccf7a1e055","4.5.1","0.6.21"
1340,TRUE,TRUE,"usable",0.826863051739126,2026101204,"af492784a42768ec0c2ff0ccf7a1e055","4.5.1","0.6.21"
1341,TRUE,TRUE,"usable",0.803277881524327,2026101204,"af492784a42768ec0c2ff0ccf7a1e055","4.5.1","0.6.21"
1342,TRUE,TRUE,"usable",0.78192300272296,2026101204,"af492784a42768ec0c2ff0ccf7a1e055","4.5.1","0.6.21"
1343,TRUE,TRUE,"usable",0.792031397507889,2026101204,"af492784a42768ec0c2ff0ccf7a1e055","4.5.1","0.6.21"
1344,TRUE,TRUE,"usable",0.81053861719455,2026101204,"af492784a42768ec0c2ff0ccf7a1e055","4.5.1","0.6.21"
1345,TRUE,TRUE,"usable",0.77676111832087,2026101204,"af492784a42768ec0c2ff0ccf7a1e055","4.5.1","0.6.21"
1346,TRUE,TRUE,"usable",0.814541281053844,2026101204,"af492784a42768ec0c2ff0ccf7a1e055","4.5.1","0.6.21"
1347,TRUE,TRUE,"usable",0.798744787658286,2026101204,"af492784a42768ec0c2ff0ccf7a1e055","4.5.1","0.6.21"
1348,TRUE,TRUE,"usable",0.793970459513859,2026101204,"af492784a42768ec0c2ff0ccf7a1e055","4.5.1","0.6.21"
1349,TRUE,TRUE,"usable",0.795979742884308,2026101204,"af492784a42768ec0c2ff0ccf7a1e055","4.5.1","0.6.21"
1350,TRUE,TRUE,"usable",0.750202331731245,2026101204,"af492784a42768ec0c2ff0ccf7a1e055","4.5.1","0.6.21"
1351,TRUE,TRUE,"usable",0.800126163170936,2026101204,"af492784a42768ec0c2ff0ccf7a1e055","4.5.1","0.6.21"
1352,TRUE,TRUE,"usable",0.793752277164186,2026101204,"af492784a42768ec0c2ff0ccf7a1e055","4.5.1","0.6.21"
1353,TRUE,TRUE,"usable",0.763510363943066,2026101204,"af492784a42768ec0c2ff0ccf7a1e055","4.5.1","0.6.21"
1354,TRUE,TRUE,"usable",0.809202067415845,2026101204,"af492784a42768ec0c2ff0ccf7a1e055","4.5.1","0.6.21"
1355,TRUE,TRUE,"usable",0.803805865068735,2026101204,"af492784a42768ec0c2ff0ccf7a1e055","4.5.1","0.6.21"
1356,TRUE,TRUE,"usable",0.795517667873592,2026101204,"af492784a42768ec0c2ff0ccf7a1e055","4.5.1","0.6.21"
1357,TRUE,TRUE,"usable",0.777433490550765,2026101204,"af492784a42768ec0c2ff0ccf7a1e055","4.5.1","0.6.21"
1358,TRUE,TRUE,"usable",0.772200858298478,2026101204,"af492784a42768ec0c2ff0ccf7a1e055","4.5.1","0.6.21"
1359,TRUE,TRUE,"usable",0.805532583130931,2026101204,"af492784a42768ec0c2ff0ccf7a1e055","4.5.1","0.6.21"
1360,TRUE,TRUE,"usable",0.797434101334629,2026101204,"af492784a42768ec0c2ff0ccf7a1e055","4.5.1","0.6.21"
1361,TRUE,TRUE,"usable",0.799002028610194,2026101204,"af492784a42768ec0c2ff0ccf7a1e055","4.5.1","0.6.21"
1362,TRUE,TRUE,"usable",0.795283362622872,2026101204,"af492784a42768ec0c2ff0ccf7a1e055","4.5.1","0.6.21"
1363,TRUE,TRUE,"usable",0.805183220201895,2026101204,"af492784a42768ec0c2ff0ccf7a1e055","4.5.1","0.6.21"
1364,TRUE,TRUE,"usable",0.800518656634788,2026101204,"af492784a42768ec0c2ff0ccf7a1e055","4.5.1","0.6.21"
1365,TRUE,TRUE,"usable",0.81063375861063,2026101204,"af492784a42768ec0c2ff0ccf7a1e055","4.5.1","0.6.21"
1366,TRUE,TRUE,"usable",0.734782613679984,2026101204,"af492784a42768ec0c2ff0ccf7a1e055","4.5.1","0.6.21"
1367,TRUE,TRUE,"usable",0.770650472749911,2026101204,"af492784a42768ec0c2ff0ccf7a1e055","4.5.1","0.6.21"
1368,TRUE,TRUE,"usable",0.766930246204922,2026101204,"af492784a42768ec0c2ff0ccf7a1e055","4.5.1","0.6.21"
1369,TRUE,TRUE,"usable",0.811958552119966,2026101204,"af492784a42768ec0c2ff0ccf7a1e055","4.5.1","0.6.21"
1370,TRUE,TRUE,"usable",0.780377131969654,2026101204,"af492784a42768ec0c2ff0ccf7a1e055","4.5.1","0.6.21"
1371,TRUE,TRUE,"usable",0.790081961085533,2026101204,"af492784a42768ec0c2ff0ccf7a1e055","4.5.1","0.6.21"
1372,TRUE,TRUE,"usable",0.751760049299885,2026101204,"af492784a42768ec0c2ff0ccf7a1e055","4.5.1","0.6.21"
1373,TRUE,TRUE,"usable",0.771200744999699,2026101204,"af492784a42768ec0c2ff0ccf7a1e055","4.5.1","0.6.21"
1374,TRUE,TRUE,"usable",0.76835765089289,2026101204,"af492784a42768ec0c2ff0ccf7a1e055","4.5.1","0.6.21"
1375,TRUE,TRUE,"usable",0.784306895229172,2026101204,"af492784a42768ec0c2ff0ccf7a1e055","4.5.1","0.6.21"
1376,TRUE,TRUE,"usable",0.79243053327976,2026101204,"af492784a42768ec0c2ff0ccf7a1e055","4.5.1","0.6.21"
1377,TRUE,TRUE,"usable",0.808590192308505,2026101204,"af492784a42768ec0c2ff0ccf7a1e055","4.5.1","0.6.21"
1378,TRUE,TRUE,"usable",0.795776906389146,2026101204,"af492784a42768ec0c2ff0ccf7a1e055","4.5.1","0.6.21"
1379,TRUE,TRUE,"usable",0.798289809086027,2026101204,"af492784a42768ec0c2ff0ccf7a1e055","4.5.1","0.6.21"
1380,TRUE,TRUE,"usable",0.81061537397166,2026101204,"af492784a42768ec0c2ff0ccf7a1e055","4.5.1","0.6.21"
1381,TRUE,TRUE,"usable",0.804787829979127,2026101204,"af492784a42768ec0c2ff0ccf7a1e055","4.5.1","0.6.21"
1382,TRUE,TRUE,"usable",0.777345094436411,2026101204,"af492784a42768ec0c2ff0ccf7a1e055","4.5.1","0.6.21"
1383,TRUE,TRUE,"usable",0.759886602449647,2026101204,"af492784a42768ec0c2ff0ccf7a1e055","4.5.1","0.6.21"
1384,TRUE,TRUE,"usable",0.785448070438282,2026101204,"af492784a42768ec0c2ff0ccf7a1e055","4.5.1","0.6.21"
1385,TRUE,TRUE,"usable",0.772386734839975,2026101204,"af492784a42768ec0c2ff0ccf7a1e055","4.5.1","0.6.21"
1386,TRUE,TRUE,"usable",0.766096336849345,2026101204,"af492784a42768ec0c2ff0ccf7a1e055","4.5.1","0.6.21"
1387,TRUE,TRUE,"usable",0.825867343970841,2026101204,"af492784a42768ec0c2ff0ccf7a1e055","4.5.1","0.6.21"
1388,TRUE,TRUE,"usable",0.796163171789057,2026101204,"af492784a42768ec0c2ff0ccf7a1e055","4.5.1","0.6.21"
1389,TRUE,TRUE,"usable",0.783285182165705,2026101204,"af492784a42768ec0c2ff0ccf7a1e055","4.5.1","0.6.21"
1390,TRUE,TRUE,"usable",0.820644515315173,2026101204,"af492784a42768ec0c2ff0ccf7a1e055","4.5.1","0.6.21"
1391,TRUE,TRUE,"usable",0.79353299951408,2026101204,"af492784a42768ec0c2ff0ccf7a1e055","4.5.1","0.6.21"
1392,TRUE,TRUE,"usable",0.771669012074486,2026101204,"af492784a42768ec0c2ff0ccf7a1e055","4.5.1","0.6.21"
1393,TRUE,TRUE,"usable",0.787393874703728,2026101204,"af492784a42768ec0c2ff0ccf7a1e055","4.5.1","0.6.21"
1394,TRUE,TRUE,"usable",0.807230938007895,2026101204,"af492784a42768ec0c2ff0ccf7a1e055","4.5.1","0.6.21"
1395,TRUE,TRUE,"usable",0.770337188599542,2026101204,"af492784a42768ec0c2ff0ccf7a1e055","4.5.1","0.6.21"
1396,TRUE,TRUE,"usable",0.807314574284557,2026101204,"af492784a42768ec0c2ff0ccf7a1e055","4.5.1","0.6.21"
1397,TRUE,TRUE,"usable",0.79850620152823,2026101204,"af492784a42768ec0c2ff0ccf7a1e055","4.5.1","0.6.21"
1398,TRUE,TRUE,"usable",0.791044539302202,2026101204,"af492784a42768ec0c2ff0ccf7a1e055","4.5.1","0.6.21"
1399,TRUE,TRUE,"usable",0.777188902240747,2026101204,"af492784a42768ec0c2ff0ccf7a1e055","4.5.1","0.6.21"
1400,TRUE,TRUE,"usable",0.796620178114058,2026101204,"af492784a42768ec0c2ff0ccf7a1e055","4.5.1","0.6.21"
1401,TRUE,TRUE,"usable",0.798796912489894,2026101204,"af492784a42768ec0c2ff0ccf7a1e055","4.5.1","0.6.21"
1402,TRUE,TRUE,"usable",0.790266243934151,2026101204,"af492784a42768ec0c2ff0ccf7a1e055","4.5.1","0.6.21"
1403,TRUE,TRUE,"usable",0.807274516533086,2026101204,"af492784a42768ec0c2ff0ccf7a1e055","4.5.1","0.6.21"
1404,TRUE,TRUE,"usable",0.788595479248172,2026101204,"af492784a42768ec0c2ff0ccf7a1e055","4.5.1","0.6.21"
1405,TRUE,TRUE,"usable",0.806853346467227,2026101204,"af492784a42768ec0c2ff0ccf7a1e055","4.5.1","0.6.21"
1406,TRUE,TRUE,"usable",0.786799065898797,2026101204,"af492784a42768ec0c2ff0ccf7a1e055","4.5.1","0.6.21"
1407,TRUE,TRUE,"usable",0.825381178634003,2026101204,"af492784a42768ec0c2ff0ccf7a1e055","4.5.1","0.6.21"
1408,TRUE,TRUE,"usable",0.76707738119177,2026101204,"af492784a42768ec0c2ff0ccf7a1e055","4.5.1","0.6.21"
1409,TRUE,TRUE,"usable",0.795849252770718,2026101204,"af492784a42768ec0c2ff0ccf7a1e055","4.5.1","0.6.21"
1410,TRUE,TRUE,"usable",0.804962634593695,2026101204,"af492784a42768ec0c2ff0ccf7a1e055","4.5.1","0.6.21"
1411,TRUE,TRUE,"usable",0.787951711455091,2026101204,"af492784a42768ec0c2ff0ccf7a1e055","4.5.1","0.6.21"
1412,TRUE,TRUE,"usable",0.797674161301404,2026101204,"af492784a42768ec0c2ff0ccf7a1e055","4.5.1","0.6.21"
1413,TRUE,TRUE,"usable",0.784269218032189,2026101204,"af492784a42768ec0c2ff0ccf7a1e055","4.5.1","0.6.21"
1414,TRUE,TRUE,"usable",0.814920282121294,2026101204,"af492784a42768ec0c2ff0ccf7a1e055","4.5.1","0.6.21"
1415,TRUE,TRUE,"usable",0.775563167292428,2026101204,"af492784a42768ec0c2ff0ccf7a1e055","4.5.1","0.6.21"
1416,TRUE,TRUE,"usable",0.772187104897081,2026101204,"af492784a42768ec0c2ff0ccf7a1e055","4.5.1","0.6.21"
1417,TRUE,TRUE,"usable",0.774302620042017,2026101204,"af492784a42768ec0c2ff0ccf7a1e055","4.5.1","0.6.21"
1418,TRUE,TRUE,"usable",0.769817202859906,2026101204,"af492784a42768ec0c2ff0ccf7a1e055","4.5.1","0.6.21"
1419,TRUE,TRUE,"usable",0.81215167679486,2026101204,"af492784a42768ec0c2ff0ccf7a1e055","4.5.1","0.6.21"
1420,TRUE,TRUE,"usable",0.822024488258384,2026101204,"af492784a42768ec0c2ff0ccf7a1e055","4.5.1","0.6.21"
1421,TRUE,TRUE,"usable",0.764256171447133,2026101204,"af492784a42768ec0c2ff0ccf7a1e055","4.5.1","0.6.21"
1422,TRUE,TRUE,"usable",0.804162722271236,2026101204,"af492784a42768ec0c2ff0ccf7a1e055","4.5.1","0.6.21"
1423,TRUE,TRUE,"usable",0.78693888831589,2026101204,"af492784a42768ec0c2ff0ccf7a1e055","4.5.1","0.6.21"
1424,TRUE,TRUE,"usable",0.796610540535359,2026101204,"af492784a42768ec0c2ff0ccf7a1e055","4.5.1","0.6.21"
1425,TRUE,TRUE,"usable",0.770972494596343,2026101204,"af492784a42768ec0c2ff0ccf7a1e055","4.5.1","0.6.21"
1426,TRUE,TRUE,"usable",0.80039776157478,2026101204,"af492784a42768ec0c2ff0ccf7a1e055","4.5.1","0.6.21"
1427,TRUE,TRUE,"usable",0.823222110467387,2026101204,"af492784a42768ec0c2ff0ccf7a1e055","4.5.1","0.6.21"
1428,TRUE,TRUE,"usable",0.778765844894821,2026101204,"af492784a42768ec0c2ff0ccf7a1e055","4.5.1","0.6.21"
1429,TRUE,TRUE,"usable",0.762265805209804,2026101204,"af492784a42768ec0c2ff0ccf7a1e055","4.5.1","0.6.21"
1430,TRUE,TRUE,"usable",0.814527521050198,2026101204,"af492784a42768ec0c2ff0ccf7a1e055","4.5.1","0.6.21"
1431,TRUE,TRUE,"usable",0.801493685939194,2026101204,"af492784a42768ec0c2ff0ccf7a1e055","4.5.1","0.6.21"
1432,TRUE,TRUE,"usable",0.822920498198,2026101204,"af492784a42768ec0c2ff0ccf7a1e055","4.5.1","0.6.21"
1433,TRUE,TRUE,"usable",0.774451503608942,2026101204,"af492784a42768ec0c2ff0ccf7a1e055","4.5.1","0.6.21"
1434,TRUE,TRUE,"usable",0.816336227708318,2026101204,"af492784a42768ec0c2ff0ccf7a1e055","4.5.1","0.6.21"
1435,TRUE,TRUE,"usable",0.807805542027679,2026101204,"af492784a42768ec0c2ff0ccf7a1e055","4.5.1","0.6.21"
1436,TRUE,TRUE,"usable",0.776438977913474,2026101204,"af492784a42768ec0c2ff0ccf7a1e055","4.5.1","0.6.21"
1437,TRUE,TRUE,"usable",0.775843711822918,2026101204,"af492784a42768ec0c2ff0ccf7a1e055","4.5.1","0.6.21"
1438,TRUE,TRUE,"usable",0.815381295425996,2026101204,"af492784a42768ec0c2ff0ccf7a1e055","4.5.1","0.6.21"
1439,TRUE,TRUE,"usable",0.804084700226273,2026101204,"af492784a42768ec0c2ff0ccf7a1e055","4.5.1","0.6.21"
1440,TRUE,TRUE,"usable",0.801995160829739,2026101204,"af492784a42768ec0c2ff0ccf7a1e055","4.5.1","0.6.21"
1441,TRUE,TRUE,"usable",0.761066891380488,2026101204,"af492784a42768ec0c2ff0ccf7a1e055","4.5.1","0.6.21"
1442,TRUE,TRUE,"usable",0.787855621669448,2026101204,"af492784a42768ec0c2ff0ccf7a1e055","4.5.1","0.6.21"
1443,TRUE,TRUE,"usable",0.78210033596159,2026101204,"af492784a42768ec0c2ff0ccf7a1e055","4.5.1","0.6.21"
1444,TRUE,TRUE,"usable",0.805046968807147,2026101204,"af492784a42768ec0c2ff0ccf7a1e055","4.5.1","0.6.21"
1445,TRUE,TRUE,"usable",0.786596596108249,2026101204,"af492784a42768ec0c2ff0ccf7a1e055","4.5.1","0.6.21"
1446,TRUE,TRUE,"usable",0.817482667089204,2026101204,"af492784a42768ec0c2ff0ccf7a1e055","4.5.1","0.6.21"
1447,TRUE,TRUE,"usable",0.777472156287604,2026101204,"af492784a42768ec0c2ff0ccf7a1e055","4.5.1","0.6.21"
1448,TRUE,TRUE,"usable",0.804563049698067,2026101204,"af492784a42768ec0c2ff0ccf7a1e055","4.5.1","0.6.21"
1449,TRUE,TRUE,"usable",0.799339671146121,2026101204,"af492784a42768ec0c2ff0ccf7a1e055","4.5.1","0.6.21"
1450,TRUE,TRUE,"usable",0.790767982706948,2026101204,"af492784a42768ec0c2ff0ccf7a1e055","4.5.1","0.6.21"
1451,TRUE,TRUE,"usable",0.774522438572787,2026101204,"af492784a42768ec0c2ff0ccf7a1e055","4.5.1","0.6.21"
1452,TRUE,TRUE,"usable",0.780625782014375,2026101204,"af492784a42768ec0c2ff0ccf7a1e055","4.5.1","0.6.21"
1453,TRUE,TRUE,"usable",0.805106940550893,2026101204,"af492784a42768ec0c2ff0ccf7a1e055","4.5.1","0.6.21"
1454,TRUE,TRUE,"usable",0.797264655723685,2026101204,"af492784a42768ec0c2ff0ccf7a1e055","4.5.1","0.6.21"
1455,TRUE,TRUE,"usable",0.788275801602311,2026101204,"af492784a42768ec0c2ff0ccf7a1e055","4.5.1","0.6.21"
1456,TRUE,TRUE,"usable",0.787613625261177,2026101204,"af492784a42768ec0c2ff0ccf7a1e055","4.5.1","0.6.21"
1457,TRUE,TRUE,"usable",0.729437773428925,2026101204,"af492784a42768ec0c2ff0ccf7a1e055","4.5.1","0.6.21"
1458,TRUE,TRUE,"usable",0.767745859508027,2026101204,"af492784a42768ec0c2ff0ccf7a1e055","4.5.1","0.6.21"
1459,TRUE,TRUE,"usable",0.774729815089334,2026101204,"af492784a42768ec0c2ff0ccf7a1e055","4.5.1","0.6.21"
1460,TRUE,TRUE,"usable",0.793432007041204,2026101204,"af492784a42768ec0c2ff0ccf7a1e055","4.5.1","0.6.21"
1461,TRUE,TRUE,"usable",0.782993439633396,2026101204,"af492784a42768ec0c2ff0ccf7a1e055","4.5.1","0.6.21"
1462,TRUE,TRUE,"usable",0.791448550886715,2026101204,"af492784a42768ec0c2ff0ccf7a1e055","4.5.1","0.6.21"
1463,TRUE,TRUE,"usable",0.769346560677289,2026101204,"af492784a42768ec0c2ff0ccf7a1e055","4.5.1","0.6.21"
1464,TRUE,TRUE,"usable",0.796659711891804,2026101204,"af492784a42768ec0c2ff0ccf7a1e055","4.5.1","0.6.21"
1465,TRUE,TRUE,"usable",0.781915193631401,2026101204,"af492784a42768ec0c2ff0ccf7a1e055","4.5.1","0.6.21"
1466,TRUE,TRUE,"usable",0.781363473349732,2026101204,"af492784a42768ec0c2ff0ccf7a1e055","4.5.1","0.6.21"
1467,TRUE,TRUE,"usable",0.75613657222611,2026101204,"af492784a42768ec0c2ff0ccf7a1e055","4.5.1","0.6.21"
1468,TRUE,TRUE,"usable",0.777165990015794,2026101204,"af492784a42768ec0c2ff0ccf7a1e055","4.5.1","0.6.21"
1469,TRUE,TRUE,"usable",0.706406607805004,2026101204,"af492784a42768ec0c2ff0ccf7a1e055","4.5.1","0.6.21"
1470,TRUE,TRUE,"usable",0.811245376957054,2026101204,"af492784a42768ec0c2ff0ccf7a1e055","4.5.1","0.6.21"
1471,TRUE,TRUE,"usable",0.797557524661676,2026101204,"af492784a42768ec0c2ff0ccf7a1e055","4.5.1","0.6.21"
1472,TRUE,TRUE,"usable",0.823891740181411,2026101204,"af492784a42768ec0c2ff0ccf7a1e055","4.5.1","0.6.21"
1473,TRUE,TRUE,"usable",0.82662786543538,2026101204,"af492784a42768ec0c2ff0ccf7a1e055","4.5.1","0.6.21"
1474,TRUE,TRUE,"usable",0.787961155386731,2026101204,"af492784a42768ec0c2ff0ccf7a1e055","4.5.1","0.6.21"
1475,TRUE,TRUE,"usable",0.758247687952344,2026101204,"af492784a42768ec0c2ff0ccf7a1e055","4.5.1","0.6.21"
1476,TRUE,TRUE,"usable",0.769266004155496,2026101204,"af492784a42768ec0c2ff0ccf7a1e055","4.5.1","0.6.21"
1477,TRUE,TRUE,"usable",0.786415939175008,2026101204,"af492784a42768ec0c2ff0ccf7a1e055","4.5.1","0.6.21"
1478,TRUE,TRUE,"usable",0.77779115956403,2026101204,"af492784a42768ec0c2ff0ccf7a1e055","4.5.1","0.6.21"
1479,TRUE,TRUE,"usable",0.791446851758373,2026101204,"af492784a42768ec0c2ff0ccf7a1e055","4.5.1","0.6.21"
1480,TRUE,TRUE,"usable",0.775577702898977,2026101204,"af492784a42768ec0c2ff0ccf7a1e055","4.5.1","0.6.21"
1481,TRUE,TRUE,"usable",0.804701451101364,2026101204,"af492784a42768ec0c2ff0ccf7a1e055","4.5.1","0.6.21"
1482,TRUE,TRUE,"usable",0.748600820849695,2026101204,"af492784a42768ec0c2ff0ccf7a1e055","4.5.1","0.6.21"
1483,TRUE,TRUE,"usable",0.805495936801378,2026101204,"af492784a42768ec0c2ff0ccf7a1e055","4.5.1","0.6.21"
1484,TRUE,TRUE,"usable",0.781067136024939,2026101204,"af492784a42768ec0c2ff0ccf7a1e055","4.5.1","0.6.21"
1485,TRUE,TRUE,"usable",0.780598846158703,2026101204,"af492784a42768ec0c2ff0ccf7a1e055","4.5.1","0.6.21"
1486,TRUE,TRUE,"usable",0.791515522712191,2026101204,"af492784a42768ec0c2ff0ccf7a1e055","4.5.1","0.6.21"
1487,TRUE,TRUE,"usable",0.801487508374174,2026101204,"af492784a42768ec0c2ff0ccf7a1e055","4.5.1","0.6.21"
1488,TRUE,TRUE,"usable",0.8050158978291,2026101204,"af492784a42768ec0c2ff0ccf7a1e055","4.5.1","0.6.21"
1489,TRUE,TRUE,"usable",0.80780063031148,2026101204,"af492784a42768ec0c2ff0ccf7a1e055","4.5.1","0.6.21"
1490,TRUE,TRUE,"usable",0.790472788467387,2026101204,"af492784a42768ec0c2ff0ccf7a1e055","4.5.1","0.6.21"
1491,TRUE,TRUE,"usable",0.801945212093112,2026101204,"af492784a42768ec0c2ff0ccf7a1e055","4.5.1","0.6.21"
1492,TRUE,TRUE,"usable",0.773746233207166,2026101204,"af492784a42768ec0c2ff0ccf7a1e055","4.5.1","0.6.21"
1493,TRUE,TRUE,"usable",0.762756519781998,2026101204,"af492784a42768ec0c2ff0ccf7a1e055","4.5.1","0.6.21"
1494,TRUE,TRUE,"usable",0.813183391828232,2026101204,"af492784a42768ec0c2ff0ccf7a1e055","4.5.1","0.6.21"
1495,TRUE,TRUE,"usable",0.790235584144826,2026101204,"af492784a42768ec0c2ff0ccf7a1e055","4.5.1","0.6.21"
1496,TRUE,TRUE,"usable",0.745022906181666,2026101204,"af492784a42768ec0c2ff0ccf7a1e055","4.5.1","0.6.21"
1497,TRUE,TRUE,"usable",0.784407638920143,2026101204,"af492784a42768ec0c2ff0ccf7a1e055","4.5.1","0.6.21"
1498,TRUE,TRUE,"usable",0.757538008167086,2026101204,"af492784a42768ec0c2ff0ccf7a1e055","4.5.1","0.6.21"
1499,TRUE,TRUE,"usable",0.790201385413228,2026101204,"af492784a42768ec0c2ff0ccf7a1e055","4.5.1","0.6.21"
1500,TRUE,TRUE,"usable",0.796163823928141,2026101204,"af492784a42768ec0c2ff0ccf7a1e055","4.5.1","0.6.21"
1501,TRUE,TRUE,"usable",0.789842369695397,2026101204,"af492784a42768ec0c2ff0ccf7a1e055","4.5.1","0.6.21"
1502,TRUE,TRUE,"usable",0.805367324982386,2026101204,"af492784a42768ec0c2ff0ccf7a1e055","4.5.1","0.6.21"
1503,TRUE,TRUE,"usable",0.769408769443204,2026101204,"af492784a42768ec0c2ff0ccf7a1e055","4.5.1","0.6.21"
1504,TRUE,TRUE,"usable",0.744042981027547,2026101204,"af492784a42768ec0c2ff0ccf7a1e055","4.5.1","0.6.21"
1505,TRUE,TRUE,"usable",0.805930330147207,2026101204,"af492784a42768ec0c2ff0ccf7a1e055","4.5.1","0.6.21"
1506,TRUE,TRUE,"usable",0.785102522400904,2026101204,"af492784a42768ec0c2ff0ccf7a1e055","4.5.1","0.6.21"
1507,TRUE,TRUE,"usable",0.804447917103043,2026101204,"af492784a42768ec0c2ff0ccf7a1e055","4.5.1","0.6.21"
1508,TRUE,TRUE,"usable",0.779096742242293,2026101204,"af492784a42768ec0c2ff0ccf7a1e055","4.5.1","0.6.21"
1509,TRUE,TRUE,"usable",0.801111496243971,2026101204,"af492784a42768ec0c2ff0ccf7a1e055","4.5.1","0.6.21"
1510,TRUE,TRUE,"usable",0.794621536654524,2026101204,"af492784a42768ec0c2ff0ccf7a1e055","4.5.1","0.6.21"
1511,TRUE,TRUE,"usable",0.793449820526788,2026101204,"af492784a42768ec0c2ff0ccf7a1e055","4.5.1","0.6.21"
1512,TRUE,TRUE,"usable",0.802424908371548,2026101204,"af492784a42768ec0c2ff0ccf7a1e055","4.5.1","0.6.21"
1513,TRUE,TRUE,"usable",0.758455038916123,2026101204,"af492784a42768ec0c2ff0ccf7a1e055","4.5.1","0.6.21"
1514,TRUE,TRUE,"usable",0.766081678048172,2026101204,"af492784a42768ec0c2ff0ccf7a1e055","4.5.1","0.6.21"
1515,TRUE,TRUE,"usable",0.798097991414446,2026101204,"af492784a42768ec0c2ff0ccf7a1e055","4.5.1","0.6.21"
1516,TRUE,TRUE,"usable",0.77545638955601,2026101204,"af492784a42768ec0c2ff0ccf7a1e055","4.5.1","0.6.21"
1517,TRUE,TRUE,"usable",0.829829709853044,2026101204,"af492784a42768ec0c2ff0ccf7a1e055","4.5.1","0.6.21"
1518,TRUE,TRUE,"usable",0.805222040798342,2026101204,"af492784a42768ec0c2ff0ccf7a1e055","4.5.1","0.6.21"
1519,TRUE,TRUE,"usable",0.784277657958531,2026101204,"af492784a42768ec0c2ff0ccf7a1e055","4.5.1","0.6.21"
1520,TRUE,TRUE,"usable",0.820066388989284,2026101204,"af492784a42768ec0c2ff0ccf7a1e055","4.5.1","0.6.21"
1521,TRUE,TRUE,"usable",0.776020696640183,2026101204,"af492784a42768ec0c2ff0ccf7a1e055","4.5.1","0.6.21"
1522,TRUE,TRUE,"usable",0.781607994328119,2026101204,"af492784a42768ec0c2ff0ccf7a1e055","4.5.1","0.6.21"
1523,TRUE,TRUE,"usable",0.817956963662589,2026101204,"af492784a42768ec0c2ff0ccf7a1e055","4.5.1","0.6.21"
1524,TRUE,TRUE,"usable",0.817012196237008,2026101204,"af492784a42768ec0c2ff0ccf7a1e055","4.5.1","0.6.21"
1525,TRUE,TRUE,"usable",0.795316643010544,2026101204,"af492784a42768ec0c2ff0ccf7a1e055","4.5.1","0.6.21"
1526,TRUE,TRUE,"usable",0.7977910157594,2026101204,"af492784a42768ec0c2ff0ccf7a1e055","4.5.1","0.6.21"
1527,TRUE,TRUE,"usable",0.778123910262964,2026101204,"af492784a42768ec0c2ff0ccf7a1e055","4.5.1","0.6.21"
1528,TRUE,TRUE,"usable",0.783057722692963,2026101204,"af492784a42768ec0c2ff0ccf7a1e055","4.5.1","0.6.21"
1529,TRUE,TRUE,"usable",0.812973271708883,2026101204,"af492784a42768ec0c2ff0ccf7a1e055","4.5.1","0.6.21"
1530,TRUE,TRUE,"usable",0.802263265165398,2026101204,"af492784a42768ec0c2ff0ccf7a1e055","4.5.1","0.6.21"
1531,TRUE,TRUE,"usable",0.8052358736484,2026101204,"af492784a42768ec0c2ff0ccf7a1e055","4.5.1","0.6.21"
1532,TRUE,TRUE,"usable",0.79010652636119,2026101204,"af492784a42768ec0c2ff0ccf7a1e055","4.5.1","0.6.21"
1533,TRUE,TRUE,"usable",0.801505315783115,2026101204,"af492784a42768ec0c2ff0ccf7a1e055","4.5.1","0.6.21"
1534,TRUE,TRUE,"usable",0.780600839006219,2026101204,"af492784a42768ec0c2ff0ccf7a1e055","4.5.1","0.6.21"
1535,TRUE,TRUE,"usable",0.789447335848606,2026101204,"af492784a42768ec0c2ff0ccf7a1e055","4.5.1","0.6.21"
1536,TRUE,TRUE,"usable",0.780927086415859,2026101204,"af492784a42768ec0c2ff0ccf7a1e055","4.5.1","0.6.21"
1537,TRUE,TRUE,"usable",0.772722109471658,2026101204,"af492784a42768ec0c2ff0ccf7a1e055","4.5.1","0.6.21"
1538,TRUE,TRUE,"usable",0.77772085277069,2026101204,"af492784a42768ec0c2ff0ccf7a1e055","4.5.1","0.6.21"
1539,TRUE,TRUE,"usable",0.761614731036003,2026101204,"af492784a42768ec0c2ff0ccf7a1e055","4.5.1","0.6.21"
1540,TRUE,TRUE,"usable",0.799559311728597,2026101204,"af492784a42768ec0c2ff0ccf7a1e055","4.5.1","0.6.21"
1541,TRUE,TRUE,"usable",0.787500875438749,2026101204,"af492784a42768ec0c2ff0ccf7a1e055","4.5.1","0.6.21"
1542,TRUE,TRUE,"usable",0.774974308936199,2026101204,"af492784a42768ec0c2ff0ccf7a1e055","4.5.1","0.6.21"
1543,TRUE,TRUE,"usable",0.738856861812121,2026101204,"af492784a42768ec0c2ff0ccf7a1e055","4.5.1","0.6.21"
1544,TRUE,TRUE,"usable",0.777456820327432,2026101204,"af492784a42768ec0c2ff0ccf7a1e055","4.5.1","0.6.21"
1545,TRUE,TRUE,"usable",0.791806578669978,2026101204,"af492784a42768ec0c2ff0ccf7a1e055","4.5.1","0.6.21"
1546,TRUE,TRUE,"usable",0.778236182260134,2026101204,"af492784a42768ec0c2ff0ccf7a1e055","4.5.1","0.6.21"
1547,TRUE,TRUE,"usable",0.788438550366615,2026101204,"af492784a42768ec0c2ff0ccf7a1e055","4.5.1","0.6.21"
1548,TRUE,TRUE,"usable",0.805346209869476,2026101204,"af492784a42768ec0c2ff0ccf7a1e055","4.5.1","0.6.21"
1549,TRUE,TRUE,"usable",0.826750931960007,2026101204,"af492784a42768ec0c2ff0ccf7a1e055","4.5.1","0.6.21"
1550,TRUE,TRUE,"usable",0.804246091101097,2026101204,"af492784a42768ec0c2ff0ccf7a1e055","4.5.1","0.6.21"
1551,TRUE,TRUE,"usable",0.752650959025303,2026101204,"af492784a42768ec0c2ff0ccf7a1e055","4.5.1","0.6.21"
1552,TRUE,TRUE,"usable",0.813568307634753,2026101204,"af492784a42768ec0c2ff0ccf7a1e055","4.5.1","0.6.21"
1553,TRUE,TRUE,"usable",0.800713845869057,2026101204,"af492784a42768ec0c2ff0ccf7a1e055","4.5.1","0.6.21"
1554,TRUE,TRUE,"usable",0.734387816073983,2026101204,"af492784a42768ec0c2ff0ccf7a1e055","4.5.1","0.6.21"
1555,TRUE,TRUE,"usable",0.808566742393777,2026101204,"af492784a42768ec0c2ff0ccf7a1e055","4.5.1","0.6.21"
1556,TRUE,TRUE,"usable",0.80780095855364,2026101204,"af492784a42768ec0c2ff0ccf7a1e055","4.5.1","0.6.21"
1557,TRUE,TRUE,"usable",0.802412091135967,2026101204,"af492784a42768ec0c2ff0ccf7a1e055","4.5.1","0.6.21"
1558,TRUE,TRUE,"usable",0.799591718361849,2026101204,"af492784a42768ec0c2ff0ccf7a1e055","4.5.1","0.6.21"
1559,TRUE,TRUE,"usable",0.768773682286094,2026101204,"af492784a42768ec0c2ff0ccf7a1e055","4.5.1","0.6.21"
1560,TRUE,TRUE,"usable",0.829753473451464,2026101204,"af492784a42768ec0c2ff0ccf7a1e055","4.5.1","0.6.21"
1561,TRUE,TRUE,"usable",0.783276018321898,2026101204,"af492784a42768ec0c2ff0ccf7a1e055","4.5.1","0.6.21"
1562,TRUE,TRUE,"usable",0.7872107634533,2026101204,"af492784a42768ec0c2ff0ccf7a1e055","4.5.1","0.6.21"
1563,TRUE,TRUE,"usable",0.797444978576328,2026101204,"af492784a42768ec0c2ff0ccf7a1e055","4.5.1","0.6.21"
1564,TRUE,TRUE,"usable",0.761460027367417,2026101204,"af492784a42768ec0c2ff0ccf7a1e055","4.5.1","0.6.21"
1565,TRUE,TRUE,"usable",0.787754770261936,2026101204,"af492784a42768ec0c2ff0ccf7a1e055","4.5.1","0.6.21"
1566,TRUE,TRUE,"usable",0.787382785709199,2026101204,"af492784a42768ec0c2ff0ccf7a1e055","4.5.1","0.6.21"
1567,TRUE,TRUE,"usable",0.806993551488717,2026101204,"af492784a42768ec0c2ff0ccf7a1e055","4.5.1","0.6.21"
1568,TRUE,TRUE,"usable",0.816012136958821,2026101204,"af492784a42768ec0c2ff0ccf7a1e055","4.5.1","0.6.21"
1569,TRUE,TRUE,"usable",0.798913799760803,2026101204,"af492784a42768ec0c2ff0ccf7a1e055","4.5.1","0.6.21"
1570,TRUE,TRUE,"usable",0.795672414084347,2026101204,"af492784a42768ec0c2ff0ccf7a1e055","4.5.1","0.6.21"
1571,TRUE,TRUE,"usable",0.804323758485266,2026101204,"af492784a42768ec0c2ff0ccf7a1e055","4.5.1","0.6.21"
1572,TRUE,TRUE,"usable",0.78379572561745,2026101204,"af492784a42768ec0c2ff0ccf7a1e055","4.5.1","0.6.21"
1573,TRUE,TRUE,"usable",0.791260115000221,2026101204,"af492784a42768ec0c2ff0ccf7a1e055","4.5.1","0.6.21"
1574,TRUE,TRUE,"usable",0.792898525823043,2026101204,"af492784a42768ec0c2ff0ccf7a1e055","4.5.1","0.6.21"
1575,TRUE,TRUE,"usable",0.764047974890433,2026101204,"af492784a42768ec0c2ff0ccf7a1e055","4.5.1","0.6.21"
1576,TRUE,TRUE,"usable",0.792297697063715,2026101204,"af492784a42768ec0c2ff0ccf7a1e055","4.5.1","0.6.21"
1577,TRUE,TRUE,"usable",0.783549522064719,2026101204,"af492784a42768ec0c2ff0ccf7a1e055","4.5.1","0.6.21"
1578,TRUE,TRUE,"usable",0.823712011918676,2026101204,"af492784a42768ec0c2ff0ccf7a1e055","4.5.1","0.6.21"
1579,TRUE,TRUE,"usable",0.816880604154643,2026101204,"af492784a42768ec0c2ff0ccf7a1e055","4.5.1","0.6.21"
1580,TRUE,TRUE,"usable",0.822135511390452,2026101204,"af492784a42768ec0c2ff0ccf7a1e055","4.5.1","0.6.21"
1581,TRUE,TRUE,"usable",0.813573414091873,2026101204,"af492784a42768ec0c2ff0ccf7a1e055","4.5.1","0.6.21"
1582,TRUE,TRUE,"usable",0.778013995122634,2026101204,"af492784a42768ec0c2ff0ccf7a1e055","4.5.1","0.6.21"
1583,TRUE,TRUE,"usable",0.77949222353266,2026101204,"af492784a42768ec0c2ff0ccf7a1e055","4.5.1","0.6.21"
1584,TRUE,TRUE,"usable",0.795985015383769,2026101204,"af492784a42768ec0c2ff0ccf7a1e055","4.5.1","0.6.21"
1585,TRUE,TRUE,"usable",0.786152667374724,2026101204,"af492784a42768ec0c2ff0ccf7a1e055","4.5.1","0.6.21"
1586,TRUE,TRUE,"usable",0.814098923382736,2026101204,"af492784a42768ec0c2ff0ccf7a1e055","4.5.1","0.6.21"
1587,TRUE,TRUE,"usable",0.783867615043902,2026101204,"af492784a42768ec0c2ff0ccf7a1e055","4.5.1","0.6.21"
1588,TRUE,TRUE,"usable",0.803870278579689,2026101204,"af492784a42768ec0c2ff0ccf7a1e055","4.5.1","0.6.21"
1589,TRUE,TRUE,"usable",0.834489223540916,2026101204,"af492784a42768ec0c2ff0ccf7a1e055","4.5.1","0.6.21"
1590,TRUE,TRUE,"usable",0.789317450180282,2026101204,"af492784a42768ec0c2ff0ccf7a1e055","4.5.1","0.6.21"
1591,TRUE,TRUE,"usable",0.797924816174848,2026101204,"af492784a42768ec0c2ff0ccf7a1e055","4.5.1","0.6.21"
1592,TRUE,TRUE,"usable",0.78710092346835,2026101204,"af492784a42768ec0c2ff0ccf7a1e055","4.5.1","0.6.21"
1593,TRUE,TRUE,"usable",0.802922572611311,2026101204,"af492784a42768ec0c2ff0ccf7a1e055","4.5.1","0.6.21"
1594,TRUE,TRUE,"usable",0.775664168933116,2026101204,"af492784a42768ec0c2ff0ccf7a1e055","4.5.1","0.6.21"
1595,TRUE,TRUE,"usable",0.839473021098358,2026101204,"af492784a42768ec0c2ff0ccf7a1e055","4.5.1","0.6.21"
1596,TRUE,TRUE,"usable",0.784236711087311,2026101204,"af492784a42768ec0c2ff0ccf7a1e055","4.5.1","0.6.21"
1597,TRUE,TRUE,"usable",0.809624781369093,2026101204,"af492784a42768ec0c2ff0ccf7a1e055","4.5.1","0.6.21"
1598,TRUE,TRUE,"usable",0.82044253791262,2026101204,"af492784a42768ec0c2ff0ccf7a1e055","4.5.1","0.6.21"
1599,TRUE,TRUE,"usable",0.819657909737487,2026101204,"af492784a42768ec0c2ff0ccf7a1e055","4.5.1","0.6.21"
1600,TRUE,TRUE,"usable",0.776808581493393,2026101204,"af492784a42768ec0c2ff0ccf7a1e055","4.5.1","0.6.21"
1601,TRUE,TRUE,"usable",0.79272200866866,2026101204,"af492784a42768ec0c2ff0ccf7a1e055","4.5.1","0.6.21"
1602,TRUE,TRUE,"usable",0.761635226134346,2026101204,"af492784a42768ec0c2ff0ccf7a1e055","4.5.1","0.6.21"
1603,TRUE,TRUE,"usable",0.795931198480485,2026101204,"af492784a42768ec0c2ff0ccf7a1e055","4.5.1","0.6.21"
1604,TRUE,TRUE,"usable",0.802779650326017,2026101204,"af492784a42768ec0c2ff0ccf7a1e055","4.5.1","0.6.21"
1605,TRUE,TRUE,"usable",0.746205965842533,2026101204,"af492784a42768ec0c2ff0ccf7a1e055","4.5.1","0.6.21"
1606,TRUE,TRUE,"usable",0.780063214411812,2026101204,"af492784a42768ec0c2ff0ccf7a1e055","4.5.1","0.6.21"
1607,TRUE,TRUE,"usable",0.766318302884408,2026101204,"af492784a42768ec0c2ff0ccf7a1e055","4.5.1","0.6.21"
1608,TRUE,TRUE,"usable",0.799889663725371,2026101204,"af492784a42768ec0c2ff0ccf7a1e055","4.5.1","0.6.21"
1609,TRUE,TRUE,"usable",0.769881022410035,2026101204,"af492784a42768ec0c2ff0ccf7a1e055","4.5.1","0.6.21"
1610,TRUE,TRUE,"usable",0.755008537359989,2026101204,"af492784a42768ec0c2ff0ccf7a1e055","4.5.1","0.6.21"
1611,TRUE,TRUE,"usable",0.796068614858196,2026101204,"af492784a42768ec0c2ff0ccf7a1e055","4.5.1","0.6.21"
1612,TRUE,TRUE,"usable",0.752145266044434,2026101204,"af492784a42768ec0c2ff0ccf7a1e055","4.5.1","0.6.21"
1613,TRUE,TRUE,"usable",0.786652165766277,2026101204,"af492784a42768ec0c2ff0ccf7a1e055","4.5.1","0.6.21"
1614,TRUE,TRUE,"usable",0.800815627655308,2026101204,"af492784a42768ec0c2ff0ccf7a1e055","4.5.1","0.6.21"
1615,TRUE,TRUE,"usable",0.779114320604238,2026101204,"af492784a42768ec0c2ff0ccf7a1e055","4.5.1","0.6.21"
1616,TRUE,TRUE,"usable",0.792297473658971,2026101204,"af492784a42768ec0c2ff0ccf7a1e055","4.5.1","0.6.21"
1617,TRUE,TRUE,"usable",0.798171410101837,2026101204,"af492784a42768ec0c2ff0ccf7a1e055","4.5.1","0.6.21"
1618,TRUE,TRUE,"usable",0.750329502768552,2026101204,"af492784a42768ec0c2ff0ccf7a1e055","4.5.1","0.6.21"
1619,TRUE,TRUE,"usable",0.761122194157317,2026101204,"af492784a42768ec0c2ff0ccf7a1e055","4.5.1","0.6.21"
1620,TRUE,TRUE,"usable",0.793605436560379,2026101204,"af492784a42768ec0c2ff0ccf7a1e055","4.5.1","0.6.21"
1621,TRUE,TRUE,"usable",0.798952437372824,2026101204,"af492784a42768ec0c2ff0ccf7a1e055","4.5.1","0.6.21"
1622,TRUE,TRUE,"usable",0.799081148183207,2026101204,"af492784a42768ec0c2ff0ccf7a1e055","4.5.1","0.6.21"
1623,TRUE,TRUE,"usable",0.786250710759551,2026101204,"af492784a42768ec0c2ff0ccf7a1e055","4.5.1","0.6.21"
1624,TRUE,TRUE,"usable",0.779633721584185,2026101204,"af492784a42768ec0c2ff0ccf7a1e055","4.5.1","0.6.21"
1625,TRUE,TRUE,"usable",0.796599616636012,2026101204,"af492784a42768ec0c2ff0ccf7a1e055","4.5.1","0.6.21"
1626,TRUE,TRUE,"usable",0.78550950073152,2026101204,"af492784a42768ec0c2ff0ccf7a1e055","4.5.1","0.6.21"
1627,TRUE,TRUE,"usable",0.79177544484161,2026101204,"af492784a42768ec0c2ff0ccf7a1e055","4.5.1","0.6.21"
1628,TRUE,TRUE,"usable",0.82001261058382,2026101204,"af492784a42768ec0c2ff0ccf7a1e055","4.5.1","0.6.21"
1629,TRUE,TRUE,"usable",0.800518428787551,2026101204,"af492784a42768ec0c2ff0ccf7a1e055","4.5.1","0.6.21"
1630,TRUE,TRUE,"usable",0.803833215777915,2026101204,"af492784a42768ec0c2ff0ccf7a1e055","4.5.1","0.6.21"
1631,TRUE,TRUE,"usable",0.769344221120911,2026101204,"af492784a42768ec0c2ff0ccf7a1e055","4.5.1","0.6.21"
1632,TRUE,TRUE,"usable",0.799104497591651,2026101204,"af492784a42768ec0c2ff0ccf7a1e055","4.5.1","0.6.21"
1633,TRUE,TRUE,"usable",0.804003292234703,2026101204,"af492784a42768ec0c2ff0ccf7a1e055","4.5.1","0.6.21"
1634,TRUE,TRUE,"usable",0.800805629824301,2026101204,"af492784a42768ec0c2ff0ccf7a1e055","4.5.1","0.6.21"
1635,TRUE,TRUE,"usable",0.781680740397021,2026101204,"af492784a42768ec0c2ff0ccf7a1e055","4.5.1","0.6.21"
1636,TRUE,TRUE,"usable",0.77026472530222,2026101204,"af492784a42768ec0c2ff0ccf7a1e055","4.5.1","0.6.21"
1637,TRUE,TRUE,"usable",0.810864557501803,2026101204,"af492784a42768ec0c2ff0ccf7a1e055","4.5.1","0.6.21"
1638,TRUE,TRUE,"usable",0.787655205188657,2026101204,"af492784a42768ec0c2ff0ccf7a1e055","4.5.1","0.6.21"
1639,TRUE,TRUE,"usable",0.800545077210283,2026101204,"af492784a42768ec0c2ff0ccf7a1e055","4.5.1","0.6.21"
1640,TRUE,TRUE,"usable",0.775823528203428,2026101204,"af492784a42768ec0c2ff0ccf7a1e055","4.5.1","0.6.21"
1641,TRUE,TRUE,"usable",0.812709687368376,2026101204,"af492784a42768ec0c2ff0ccf7a1e055","4.5.1","0.6.21"
1642,TRUE,TRUE,"usable",0.802695098868458,2026101204,"af492784a42768ec0c2ff0ccf7a1e055","4.5.1","0.6.21"
1643,TRUE,TRUE,"usable",0.784813022909009,2026101204,"af492784a42768ec0c2ff0ccf7a1e055","4.5.1","0.6.21"
1644,TRUE,TRUE,"usable",0.781050397610135,2026101204,"af492784a42768ec0c2ff0ccf7a1e055","4.5.1","0.6.21"
1645,TRUE,TRUE,"usable",0.773393508214416,2026101204,"af492784a42768ec0c2ff0ccf7a1e055","4.5.1","0.6.21"
1646,TRUE,TRUE,"usable",0.789590942344351,2026101204,"af492784a42768ec0c2ff0ccf7a1e055","4.5.1","0.6.21"
1647,TRUE,TRUE,"usable",0.783433257834398,2026101204,"af492784a42768ec0c2ff0ccf7a1e055","4.5.1","0.6.21"
1648,TRUE,TRUE,"usable",0.774317253338647,2026101204,"af492784a42768ec0c2ff0ccf7a1e055","4.5.1","0.6.21"
1649,TRUE,TRUE,"usable",0.816721025234206,2026101204,"af492784a42768ec0c2ff0ccf7a1e055","4.5.1","0.6.21"
1650,TRUE,TRUE,"usable",0.785770001560623,2026101204,"af492784a42768ec0c2ff0ccf7a1e055","4.5.1","0.6.21"
1651,TRUE,TRUE,"usable",0.775061343912932,2026101204,"af492784a42768ec0c2ff0ccf7a1e055","4.5.1","0.6.21"
1652,TRUE,TRUE,"usable",0.792887296996647,2026101204,"af492784a42768ec0c2ff0ccf7a1e055","4.5.1","0.6.21"
1653,TRUE,TRUE,"usable",0.793119472883908,2026101204,"af492784a42768ec0c2ff0ccf7a1e055","4.5.1","0.6.21"
1654,TRUE,TRUE,"usable",0.807342396408355,2026101204,"af492784a42768ec0c2ff0ccf7a1e055","4.5.1","0.6.21"
1655,TRUE,TRUE,"usable",0.784777401629945,2026101204,"af492784a42768ec0c2ff0ccf7a1e055","4.5.1","0.6.21"
1656,TRUE,TRUE,"usable",0.772236433993443,2026101204,"af492784a42768ec0c2ff0ccf7a1e055","4.5.1","0.6.21"
1657,TRUE,TRUE,"usable",0.774015684704761,2026101204,"af492784a42768ec0c2ff0ccf7a1e055","4.5.1","0.6.21"
1658,TRUE,TRUE,"usable",0.810092016195316,2026101204,"af492784a42768ec0c2ff0ccf7a1e055","4.5.1","0.6.21"
1659,TRUE,TRUE,"usable",0.780086928097044,2026101204,"af492784a42768ec0c2ff0ccf7a1e055","4.5.1","0.6.21"
1660,TRUE,TRUE,"usable",0.793304327097037,2026101204,"af492784a42768ec0c2ff0ccf7a1e055","4.5.1","0.6.21"
1661,TRUE,TRUE,"usable",0.770632848931063,2026101204,"af492784a42768ec0c2ff0ccf7a1e055","4.5.1","0.6.21"
1662,TRUE,TRUE,"usable",0.798898332275749,2026101204,"af492784a42768ec0c2ff0ccf7a1e055","4.5.1","0.6.21"
1663,TRUE,TRUE,"usable",0.777672633984194,2026101204,"af492784a42768ec0c2ff0ccf7a1e055","4.5.1","0.6.21"
1664,TRUE,TRUE,"usable",0.785106044557477,2026101204,"af492784a42768ec0c2ff0ccf7a1e055","4.5.1","0.6.21"
1665,TRUE,TRUE,"usable",0.815351595023161,2026101204,"af492784a42768ec0c2ff0ccf7a1e055","4.5.1","0.6.21"
1666,TRUE,TRUE,"usable",0.788761636046608,2026101204,"af492784a42768ec0c2ff0ccf7a1e055","4.5.1","0.6.21"
1667,TRUE,TRUE,"usable",0.804556054210908,2026101204,"af492784a42768ec0c2ff0ccf7a1e055","4.5.1","0.6.21"
1668,TRUE,TRUE,"usable",0.80564417623579,2026101204,"af492784a42768ec0c2ff0ccf7a1e055","4.5.1","0.6.21"
1669,TRUE,TRUE,"usable",0.786456071912169,2026101204,"af492784a42768ec0c2ff0ccf7a1e055","4.5.1","0.6.21"
1670,TRUE,TRUE,"usable",0.768313660870416,2026101204,"af492784a42768ec0c2ff0ccf7a1e055","4.5.1","0.6.21"
1671,TRUE,TRUE,"usable",0.815024705044591,2026101204,"af492784a42768ec0c2ff0ccf7a1e055","4.5.1","0.6.21"
1672,TRUE,TRUE,"usable",0.759095810835096,2026101204,"af492784a42768ec0c2ff0ccf7a1e055","4.5.1","0.6.21"
1673,TRUE,TRUE,"usable",0.785794497570337,2026101204,"af492784a42768ec0c2ff0ccf7a1e055","4.5.1","0.6.21"
1674,TRUE,TRUE,"usable",0.796917969745482,2026101204,"af492784a42768ec0c2ff0ccf7a1e055","4.5.1","0.6.21"
1675,TRUE,TRUE,"usable",0.796373671077334,2026101204,"af492784a42768ec0c2ff0ccf7a1e055","4.5.1","0.6.21"
1676,TRUE,TRUE,"usable",0.78889612472038,2026101204,"af492784a42768ec0c2ff0ccf7a1e055","4.5.1","0.6.21"
1677,TRUE,TRUE,"usable",0.813038021455927,2026101204,"af492784a42768ec0c2ff0ccf7a1e055","4.5.1","0.6.21"
1678,TRUE,TRUE,"usable",0.825438397839807,2026101204,"af492784a42768ec0c2ff0ccf7a1e055","4.5.1","0.6.21"
1679,TRUE,TRUE,"usable",0.818430485273468,2026101204,"af492784a42768ec0c2ff0ccf7a1e055","4.5.1","0.6.21"
1680,TRUE,TRUE,"usable",0.787222241213604,2026101204,"af492784a42768ec0c2ff0ccf7a1e055","4.5.1","0.6.21"
1681,TRUE,TRUE,"usable",0.798694993356716,2026101204,"af492784a42768ec0c2ff0ccf7a1e055","4.5.1","0.6.21"
1682,TRUE,TRUE,"usable",0.785358123233605,2026101204,"af492784a42768ec0c2ff0ccf7a1e055","4.5.1","0.6.21"
1683,TRUE,TRUE,"usable",0.801884906284358,2026101204,"af492784a42768ec0c2ff0ccf7a1e055","4.5.1","0.6.21"
1684,TRUE,TRUE,"usable",0.794279840433325,2026101204,"af492784a42768ec0c2ff0ccf7a1e055","4.5.1","0.6.21"
1685,TRUE,TRUE,"usable",0.799835883866521,2026101204,"af492784a42768ec0c2ff0ccf7a1e055","4.5.1","0.6.21"
1686,TRUE,TRUE,"usable",0.804056029506849,2026101204,"af492784a42768ec0c2ff0ccf7a1e055","4.5.1","0.6.21"
1687,TRUE,TRUE,"usable",0.80512208361231,2026101204,"af492784a42768ec0c2ff0ccf7a1e055","4.5.1","0.6.21"
1688,TRUE,TRUE,"usable",0.772281653599292,2026101204,"af492784a42768ec0c2ff0ccf7a1e055","4.5.1","0.6.21"
1689,TRUE,TRUE,"usable",0.807682717923464,2026101204,"af492784a42768ec0c2ff0ccf7a1e055","4.5.1","0.6.21"
1690,TRUE,TRUE,"usable",0.797368933535512,2026101204,"af492784a42768ec0c2ff0ccf7a1e055","4.5.1","0.6.21"
1691,TRUE,TRUE,"usable",0.80663991771225,2026101204,"af492784a42768ec0c2ff0ccf7a1e055","4.5.1","0.6.21"
1692,TRUE,TRUE,"usable",0.799955908025434,2026101204,"af492784a42768ec0c2ff0ccf7a1e055","4.5.1","0.6.21"
1693,TRUE,TRUE,"usable",0.78638357141518,2026101204,"af492784a42768ec0c2ff0ccf7a1e055","4.5.1","0.6.21"
1694,TRUE,TRUE,"usable",0.814297882307854,2026101204,"af492784a42768ec0c2ff0ccf7a1e055","4.5.1","0.6.21"
1695,TRUE,TRUE,"usable",0.765897277988018,2026101204,"af492784a42768ec0c2ff0ccf7a1e055","4.5.1","0.6.21"
1696,TRUE,TRUE,"usable",0.789742999909735,2026101204,"af492784a42768ec0c2ff0ccf7a1e055","4.5.1","0.6.21"
1697,TRUE,TRUE,"usable",0.798083670537718,2026101204,"af492784a42768ec0c2ff0ccf7a1e055","4.5.1","0.6.21"
1698,TRUE,TRUE,"usable",0.774484890254818,2026101204,"af492784a42768ec0c2ff0ccf7a1e055","4.5.1","0.6.21"
1699,TRUE,TRUE,"usable",0.79784421955621,2026101204,"af492784a42768ec0c2ff0ccf7a1e055","4.5.1","0.6.21"
1700,TRUE,TRUE,"usable",0.785341689479161,2026101204,"af492784a42768ec0c2ff0ccf7a1e055","4.5.1","0.6.21"
1701,TRUE,TRUE,"usable",0.797623941848022,2026101204,"af492784a42768ec0c2ff0ccf7a1e055","4.5.1","0.6.21"
1702,TRUE,TRUE,"usable",0.791645815804042,2026101204,"af492784a42768ec0c2ff0ccf7a1e055","4.5.1","0.6.21"
1703,TRUE,TRUE,"usable",0.783813740087531,2026101204,"af492784a42768ec0c2ff0ccf7a1e055","4.5.1","0.6.21"
1704,TRUE,TRUE,"usable",0.793265613029777,2026101204,"af492784a42768ec0c2ff0ccf7a1e055","4.5.1","0.6.21"
1705,TRUE,TRUE,"usable",0.787939535665258,2026101204,"af492784a42768ec0c2ff0ccf7a1e055","4.5.1","0.6.21"
1706,TRUE,TRUE,"usable",0.816301715806092,2026101204,"af492784a42768ec0c2ff0ccf7a1e055","4.5.1","0.6.21"
1707,TRUE,TRUE,"usable",0.789825450679461,2026101204,"af492784a42768ec0c2ff0ccf7a1e055","4.5.1","0.6.21"
1708,TRUE,TRUE,"usable",0.769318903033912,2026101204,"af492784a42768ec0c2ff0ccf7a1e055","4.5.1","0.6.21"
1709,TRUE,TRUE,"usable",0.822883639633122,2026101204,"af492784a42768ec0c2ff0ccf7a1e055","4.5.1","0.6.21"
1710,TRUE,TRUE,"usable",0.816273923965422,2026101204,"af492784a42768ec0c2ff0ccf7a1e055","4.5.1","0.6.21"
1711,TRUE,TRUE,"usable",0.807344121141713,2026101204,"af492784a42768ec0c2ff0ccf7a1e055","4.5.1","0.6.21"
1712,TRUE,TRUE,"usable",0.789916194260615,2026101204,"af492784a42768ec0c2ff0ccf7a1e055","4.5.1","0.6.21"
1713,TRUE,TRUE,"usable",0.807881831582764,2026101204,"af492784a42768ec0c2ff0ccf7a1e055","4.5.1","0.6.21"
1714,TRUE,TRUE,"usable",0.792302455326606,2026101204,"af492784a42768ec0c2ff0ccf7a1e055","4.5.1","0.6.21"
1715,TRUE,TRUE,"usable",0.791403260574998,2026101204,"af492784a42768ec0c2ff0ccf7a1e055","4.5.1","0.6.21"
1716,TRUE,TRUE,"usable",0.791454583098418,2026101204,"af492784a42768ec0c2ff0ccf7a1e055","4.5.1","0.6.21"
1717,TRUE,TRUE,"usable",0.811041568176501,2026101204,"af492784a42768ec0c2ff0ccf7a1e055","4.5.1","0.6.21"
1718,TRUE,TRUE,"usable",0.811910711795717,2026101204,"af492784a42768ec0c2ff0ccf7a1e055","4.5.1","0.6.21"
1719,TRUE,TRUE,"usable",0.797638389946032,2026101204,"af492784a42768ec0c2ff0ccf7a1e055","4.5.1","0.6.21"
1720,TRUE,TRUE,"usable",0.794263293685638,2026101204,"af492784a42768ec0c2ff0ccf7a1e055","4.5.1","0.6.21"
1721,TRUE,TRUE,"usable",0.77532514030972,2026101204,"af492784a42768ec0c2ff0ccf7a1e055","4.5.1","0.6.21"
1722,TRUE,TRUE,"usable",0.775471499756061,2026101204,"af492784a42768ec0c2ff0ccf7a1e055","4.5.1","0.6.21"
1723,TRUE,TRUE,"usable",0.791332591669286,2026101204,"af492784a42768ec0c2ff0ccf7a1e055","4.5.1","0.6.21"
1724,TRUE,TRUE,"usable",0.816480319438351,2026101204,"af492784a42768ec0c2ff0ccf7a1e055","4.5.1","0.6.21"
1725,TRUE,TRUE,"usable",0.790883913493811,2026101204,"af492784a42768ec0c2ff0ccf7a1e055","4.5.1","0.6.21"
1726,TRUE,TRUE,"usable",0.790417794120033,2026101204,"af492784a42768ec0c2ff0ccf7a1e055","4.5.1","0.6.21"
1727,TRUE,TRUE,"usable",0.800206721073731,2026101204,"af492784a42768ec0c2ff0ccf7a1e055","4.5.1","0.6.21"
1728,TRUE,TRUE,"usable",0.768031391639868,2026101204,"af492784a42768ec0c2ff0ccf7a1e055","4.5.1","0.6.21"
1729,TRUE,TRUE,"usable",0.802429190488746,2026101204,"af492784a42768ec0c2ff0ccf7a1e055","4.5.1","0.6.21"
1730,TRUE,TRUE,"usable",0.812327804817577,2026101204,"af492784a42768ec0c2ff0ccf7a1e055","4.5.1","0.6.21"
1731,TRUE,TRUE,"usable",0.805349746957357,2026101204,"af492784a42768ec0c2ff0ccf7a1e055","4.5.1","0.6.21"
1732,TRUE,TRUE,"usable",0.76758053529169,2026101204,"af492784a42768ec0c2ff0ccf7a1e055","4.5.1","0.6.21"
1733,TRUE,TRUE,"usable",0.807925838626539,2026101204,"af492784a42768ec0c2ff0ccf7a1e055","4.5.1","0.6.21"
1734,TRUE,TRUE,"usable",0.77675922309091,2026101204,"af492784a42768ec0c2ff0ccf7a1e055","4.5.1","0.6.21"
1735,TRUE,TRUE,"usable",0.811360223065937,2026101204,"af492784a42768ec0c2ff0ccf7a1e055","4.5.1","0.6.21"
1736,TRUE,TRUE,"usable",0.760182941728499,2026101204,"af492784a42768ec0c2ff0ccf7a1e055","4.5.1","0.6.21"
1737,TRUE,TRUE,"usable",0.762099919447623,2026101204,"af492784a42768ec0c2ff0ccf7a1e055","4.5.1","0.6.21"
1738,TRUE,TRUE,"usable",0.7872548233448,2026101204,"af492784a42768ec0c2ff0ccf7a1e055","4.5.1","0.6.21"
1739,TRUE,TRUE,"usable",0.783665958664016,2026101204,"af492784a42768ec0c2ff0ccf7a1e055","4.5.1","0.6.21"
1740,TRUE,TRUE,"usable",0.806689486719528,2026101204,"af492784a42768ec0c2ff0ccf7a1e055","4.5.1","0.6.21"
1741,TRUE,TRUE,"usable",0.760609459437747,2026101204,"af492784a42768ec0c2ff0ccf7a1e055","4.5.1","0.6.21"
1742,TRUE,TRUE,"usable",0.795308248678642,2026101204,"af492784a42768ec0c2ff0ccf7a1e055","4.5.1","0.6.21"
1743,TRUE,TRUE,"usable",0.79827082783156,2026101204,"af492784a42768ec0c2ff0ccf7a1e055","4.5.1","0.6.21"
1744,TRUE,TRUE,"usable",0.812250756463987,2026101204,"af492784a42768ec0c2ff0ccf7a1e055","4.5.1","0.6.21"
1745,TRUE,TRUE,"usable",0.774069352215805,2026101204,"af492784a42768ec0c2ff0ccf7a1e055","4.5.1","0.6.21"
1746,TRUE,TRUE,"usable",0.789015994227434,2026101204,"af492784a42768ec0c2ff0ccf7a1e055","4.5.1","0.6.21"
1747,TRUE,TRUE,"usable",0.807924976497052,2026101204,"af492784a42768ec0c2ff0ccf7a1e055","4.5.1","0.6.21"
1748,TRUE,TRUE,"usable",0.813572458888299,2026101204,"af492784a42768ec0c2ff0ccf7a1e055","4.5.1","0.6.21"
1749,TRUE,TRUE,"usable",0.772484759218665,2026101204,"af492784a42768ec0c2ff0ccf7a1e055","4.5.1","0.6.21"
1750,TRUE,TRUE,"usable",0.7990330761551,2026101204,"af492784a42768ec0c2ff0ccf7a1e055","4.5.1","0.6.21"
1751,TRUE,TRUE,"usable",0.797159319215866,2026101204,"af492784a42768ec0c2ff0ccf7a1e055","4.5.1","0.6.21"
1752,TRUE,TRUE,"usable",0.751263487627284,2026101204,"af492784a42768ec0c2ff0ccf7a1e055","4.5.1","0.6.21"
1753,TRUE,TRUE,"usable",0.776462681149253,2026101204,"af492784a42768ec0c2ff0ccf7a1e055","4.5.1","0.6.21"
1754,TRUE,TRUE,"usable",0.778881845149803,2026101204,"af492784a42768ec0c2ff0ccf7a1e055","4.5.1","0.6.21"
1755,TRUE,TRUE,"usable",0.790700675127628,2026101204,"af492784a42768ec0c2ff0ccf7a1e055","4.5.1","0.6.21"
1756,TRUE,TRUE,"usable",0.773776361955658,2026101204,"af492784a42768ec0c2ff0ccf7a1e055","4.5.1","0.6.21"
1757,TRUE,TRUE,"usable",0.787124328734962,2026101204,"af492784a42768ec0c2ff0ccf7a1e055","4.5.1","0.6.21"
1758,TRUE,TRUE,"usable",0.795039405055029,2026101204,"af492784a42768ec0c2ff0ccf7a1e055","4.5.1","0.6.21"
1759,TRUE,TRUE,"usable",0.805992058170723,2026101204,"af492784a42768ec0c2ff0ccf7a1e055","4.5.1","0.6.21"
1760,TRUE,TRUE,"usable",0.802036566779877,2026101204,"af492784a42768ec0c2ff0ccf7a1e055","4.5.1","0.6.21"
1761,TRUE,TRUE,"usable",0.805785735981504,2026101204,"af492784a42768ec0c2ff0ccf7a1e055","4.5.1","0.6.21"
1762,TRUE,TRUE,"usable",0.792694210596728,2026101204,"af492784a42768ec0c2ff0ccf7a1e055","4.5.1","0.6.21"
1763,TRUE,TRUE,"usable",0.7780081881372,2026101204,"af492784a42768ec0c2ff0ccf7a1e055","4.5.1","0.6.21"
1764,TRUE,TRUE,"usable",0.773467930489652,2026101204,"af492784a42768ec0c2ff0ccf7a1e055","4.5.1","0.6.21"
1765,TRUE,TRUE,"usable",0.793293368091376,2026101204,"af492784a42768ec0c2ff0ccf7a1e055","4.5.1","0.6.21"
1766,TRUE,TRUE,"usable",0.758754852445845,2026101204,"af492784a42768ec0c2ff0ccf7a1e055","4.5.1","0.6.21"
1767,TRUE,TRUE,"usable",0.791992876054252,2026101204,"af492784a42768ec0c2ff0ccf7a1e055","4.5.1","0.6.21"
1768,TRUE,TRUE,"usable",0.810791363741046,2026101204,"af492784a42768ec0c2ff0ccf7a1e055","4.5.1","0.6.21"
1769,TRUE,TRUE,"usable",0.812055497498806,2026101204,"af492784a42768ec0c2ff0ccf7a1e055","4.5.1","0.6.21"
1770,TRUE,TRUE,"usable",0.824919006958377,2026101204,"af492784a42768ec0c2ff0ccf7a1e055","4.5.1","0.6.21"
1771,TRUE,TRUE,"usable",0.805769864965571,2026101204,"af492784a42768ec0c2ff0ccf7a1e055","4.5.1","0.6.21"
1772,TRUE,TRUE,"usable",0.782513344309155,2026101204,"af492784a42768ec0c2ff0ccf7a1e055","4.5.1","0.6.21"
1773,TRUE,TRUE,"usable",0.824051346250083,2026101204,"af492784a42768ec0c2ff0ccf7a1e055","4.5.1","0.6.21"
1774,TRUE,TRUE,"usable",0.820503501841695,2026101204,"af492784a42768ec0c2ff0ccf7a1e055","4.5.1","0.6.21"
1775,TRUE,TRUE,"usable",0.816145075179758,2026101204,"af492784a42768ec0c2ff0ccf7a1e055","4.5.1","0.6.21"
1776,TRUE,TRUE,"usable",0.760812033935199,2026101204,"af492784a42768ec0c2ff0ccf7a1e055","4.5.1","0.6.21"
1777,TRUE,TRUE,"usable",0.75701777289708,2026101204,"af492784a42768ec0c2ff0ccf7a1e055","4.5.1","0.6.21"
1778,TRUE,TRUE,"usable",0.781465457438878,2026101204,"af492784a42768ec0c2ff0ccf7a1e055","4.5.1","0.6.21"
1779,TRUE,TRUE,"usable",0.810469888016293,2026101204,"af492784a42768ec0c2ff0ccf7a1e055","4.5.1","0.6.21"
1780,TRUE,TRUE,"usable",0.785784839664387,2026101204,"af492784a42768ec0c2ff0ccf7a1e055","4.5.1","0.6.21"
1781,TRUE,TRUE,"usable",0.820134223001152,2026101204,"af492784a42768ec0c2ff0ccf7a1e055","4.5.1","0.6.21"
1782,TRUE,TRUE,"usable",0.788388761207885,2026101204,"af492784a42768ec0c2ff0ccf7a1e055","4.5.1","0.6.21"
1783,TRUE,TRUE,"usable",0.760323646315822,2026101204,"af492784a42768ec0c2ff0ccf7a1e055","4.5.1","0.6.21"
1784,TRUE,TRUE,"usable",0.799786993350543,2026101204,"af492784a42768ec0c2ff0ccf7a1e055","4.5.1","0.6.21"
1785,TRUE,TRUE,"usable",0.818543405636695,2026101204,"af492784a42768ec0c2ff0ccf7a1e055","4.5.1","0.6.21"
1786,TRUE,TRUE,"usable",0.770604226270796,2026101204,"af492784a42768ec0c2ff0ccf7a1e055","4.5.1","0.6.21"
1787,TRUE,TRUE,"usable",0.814363939519588,2026101204,"af492784a42768ec0c2ff0ccf7a1e055","4.5.1","0.6.21"
1788,TRUE,TRUE,"usable",0.787271365597584,2026101204,"af492784a42768ec0c2ff0ccf7a1e055","4.5.1","0.6.21"
1789,TRUE,TRUE,"usable",0.824536041311289,2026101204,"af492784a42768ec0c2ff0ccf7a1e055","4.5.1","0.6.21"
1790,TRUE,TRUE,"usable",0.808601431341836,2026101204,"af492784a42768ec0c2ff0ccf7a1e055","4.5.1","0.6.21"
1791,TRUE,TRUE,"usable",0.791648550953218,2026101204,"af492784a42768ec0c2ff0ccf7a1e055","4.5.1","0.6.21"
1792,TRUE,TRUE,"usable",0.790903375803163,2026101204,"af492784a42768ec0c2ff0ccf7a1e055","4.5.1","0.6.21"
1793,TRUE,TRUE,"usable",0.816355763727512,2026101204,"af492784a42768ec0c2ff0ccf7a1e055","4.5.1","0.6.21"
1794,TRUE,TRUE,"usable",0.806298682947369,2026101204,"af492784a42768ec0c2ff0ccf7a1e055","4.5.1","0.6.21"
1795,TRUE,TRUE,"usable",0.786748621710177,2026101204,"af492784a42768ec0c2ff0ccf7a1e055","4.5.1","0.6.21"
1796,TRUE,TRUE,"usable",0.816943303842847,2026101204,"af492784a42768ec0c2ff0ccf7a1e055","4.5.1","0.6.21"
1797,TRUE,TRUE,"usable",0.799926232838982,2026101204,"af492784a42768ec0c2ff0ccf7a1e055","4.5.1","0.6.21"
1798,TRUE,TRUE,"usable",0.784183240651341,2026101204,"af492784a42768ec0c2ff0ccf7a1e055","4.5.1","0.6.21"
1799,TRUE,TRUE,"usable",0.787503356910531,2026101204,"af492784a42768ec0c2ff0ccf7a1e055","4.5.1","0.6.21"
1800,TRUE,TRUE,"usable",0.814796055671371,2026101204,"af492784a42768ec0c2ff0ccf7a1e055","4.5.1","0.6.21"
1801,TRUE,TRUE,"usable",0.784353272075901,2026101204,"af492784a42768ec0c2ff0ccf7a1e055","4.5.1","0.6.21"
1802,TRUE,TRUE,"usable",0.807494455029765,2026101204,"af492784a42768ec0c2ff0ccf7a1e055","4.5.1","0.6.21"
1803,TRUE,TRUE,"usable",0.780035957918617,2026101204,"af492784a42768ec0c2ff0ccf7a1e055","4.5.1","0.6.21"
1804,TRUE,TRUE,"usable",0.782863717785495,2026101204,"af492784a42768ec0c2ff0ccf7a1e055","4.5.1","0.6.21"
1805,TRUE,TRUE,"usable",0.7856961223231,2026101204,"af492784a42768ec0c2ff0ccf7a1e055","4.5.1","0.6.21"
1806,TRUE,TRUE,"usable",0.786203240440974,2026101204,"af492784a42768ec0c2ff0ccf7a1e055","4.5.1","0.6.21"
1807,TRUE,TRUE,"usable",0.778671142691636,2026101204,"af492784a42768ec0c2ff0ccf7a1e055","4.5.1","0.6.21"
1808,TRUE,TRUE,"usable",0.788843625394257,2026101204,"af492784a42768ec0c2ff0ccf7a1e055","4.5.1","0.6.21"
1809,TRUE,TRUE,"usable",0.795290998281942,2026101204,"af492784a42768ec0c2ff0ccf7a1e055","4.5.1","0.6.21"
1810,TRUE,TRUE,"usable",0.816673910812427,2026101204,"af492784a42768ec0c2ff0ccf7a1e055","4.5.1","0.6.21"
1811,TRUE,TRUE,"usable",0.807754956908343,2026101204,"af492784a42768ec0c2ff0ccf7a1e055","4.5.1","0.6.21"
1812,TRUE,TRUE,"usable",0.808561913234128,2026101204,"af492784a42768ec0c2ff0ccf7a1e055","4.5.1","0.6.21"
1813,TRUE,TRUE,"usable",0.796919935578506,2026101204,"af492784a42768ec0c2ff0ccf7a1e055","4.5.1","0.6.21"
1814,TRUE,TRUE,"usable",0.78502269750731,2026101204,"af492784a42768ec0c2ff0ccf7a1e055","4.5.1","0.6.21"
1815,TRUE,TRUE,"usable",0.788161526269384,2026101204,"af492784a42768ec0c2ff0ccf7a1e055","4.5.1","0.6.21"
1816,TRUE,TRUE,"usable",0.799559699916219,2026101204,"af492784a42768ec0c2ff0ccf7a1e055","4.5.1","0.6.21"
1817,TRUE,TRUE,"usable",0.779310209851753,2026101204,"af492784a42768ec0c2ff0ccf7a1e055","4.5.1","0.6.21"
1818,TRUE,TRUE,"usable",0.810678135588308,2026101204,"af492784a42768ec0c2ff0ccf7a1e055","4.5.1","0.6.21"
1819,TRUE,TRUE,"usable",0.806437374565414,2026101204,"af492784a42768ec0c2ff0ccf7a1e055","4.5.1","0.6.21"
1820,TRUE,TRUE,"usable",0.812391468019379,2026101204,"af492784a42768ec0c2ff0ccf7a1e055","4.5.1","0.6.21"
1821,TRUE,TRUE,"usable",0.806558827466729,2026101204,"af492784a42768ec0c2ff0ccf7a1e055","4.5.1","0.6.21"
1822,TRUE,TRUE,"usable",0.798165675703466,2026101204,"af492784a42768ec0c2ff0ccf7a1e055","4.5.1","0.6.21"
1823,TRUE,TRUE,"usable",0.793663182020519,2026101204,"af492784a42768ec0c2ff0ccf7a1e055","4.5.1","0.6.21"
1824,TRUE,TRUE,"usable",0.816544176167541,2026101204,"af492784a42768ec0c2ff0ccf7a1e055","4.5.1","0.6.21"
1825,TRUE,TRUE,"usable",0.766218765804091,2026101204,"af492784a42768ec0c2ff0ccf7a1e055","4.5.1","0.6.21"
1826,TRUE,TRUE,"usable",0.819711074743359,2026101204,"af492784a42768ec0c2ff0ccf7a1e055","4.5.1","0.6.21"
1827,TRUE,TRUE,"usable",0.79002285645855,2026101204,"af492784a42768ec0c2ff0ccf7a1e055","4.5.1","0.6.21"
1828,TRUE,TRUE,"usable",0.802391858493072,2026101204,"af492784a42768ec0c2ff0ccf7a1e055","4.5.1","0.6.21"
1829,TRUE,TRUE,"usable",0.808618263739228,2026101204,"af492784a42768ec0c2ff0ccf7a1e055","4.5.1","0.6.21"
1830,TRUE,TRUE,"usable",0.796320811077875,2026101204,"af492784a42768ec0c2ff0ccf7a1e055","4.5.1","0.6.21"
1831,TRUE,TRUE,"usable",0.796795979534677,2026101204,"af492784a42768ec0c2ff0ccf7a1e055","4.5.1","0.6.21"
1832,TRUE,TRUE,"usable",0.800208233883108,2026101204,"af492784a42768ec0c2ff0ccf7a1e055","4.5.1","0.6.21"
1833,TRUE,TRUE,"usable",0.79099687187851,2026101204,"af492784a42768ec0c2ff0ccf7a1e055","4.5.1","0.6.21"
1834,TRUE,TRUE,"usable",0.790842395086165,2026101204,"af492784a42768ec0c2ff0ccf7a1e055","4.5.1","0.6.21"
1835,TRUE,TRUE,"usable",0.788765975124362,2026101204,"af492784a42768ec0c2ff0ccf7a1e055","4.5.1","0.6.21"
1836,TRUE,TRUE,"usable",0.7938173539218,2026101204,"af492784a42768ec0c2ff0ccf7a1e055","4.5.1","0.6.21"
1837,TRUE,TRUE,"usable",0.793743633052183,2026101204,"af492784a42768ec0c2ff0ccf7a1e055","4.5.1","0.6.21"
1838,TRUE,TRUE,"usable",0.816759250387524,2026101204,"af492784a42768ec0c2ff0ccf7a1e055","4.5.1","0.6.21"
1839,TRUE,TRUE,"usable",0.779095665793644,2026101204,"af492784a42768ec0c2ff0ccf7a1e055","4.5.1","0.6.21"
1840,TRUE,TRUE,"usable",0.779537691196738,2026101204,"af492784a42768ec0c2ff0ccf7a1e055","4.5.1","0.6.21"
1841,TRUE,TRUE,"usable",0.751179125992676,2026101204,"af492784a42768ec0c2ff0ccf7a1e055","4.5.1","0.6.21"
1842,TRUE,TRUE,"usable",0.76555807095927,2026101204,"af492784a42768ec0c2ff0ccf7a1e055","4.5.1","0.6.21"
1843,TRUE,TRUE,"usable",0.79162466481486,2026101204,"af492784a42768ec0c2ff0ccf7a1e055","4.5.1","0.6.21"
1844,TRUE,TRUE,"usable",0.798009594264311,2026101204,"af492784a42768ec0c2ff0ccf7a1e055","4.5.1","0.6.21"
1845,TRUE,TRUE,"usable",0.815331703595741,2026101204,"af492784a42768ec0c2ff0ccf7a1e055","4.5.1","0.6.21"
1846,TRUE,TRUE,"usable",0.771358381816272,2026101204,"af492784a42768ec0c2ff0ccf7a1e055","4.5.1","0.6.21"
1847,TRUE,TRUE,"usable",0.82231248110537,2026101204,"af492784a42768ec0c2ff0ccf7a1e055","4.5.1","0.6.21"
1848,TRUE,TRUE,"usable",0.800647365489647,2026101204,"af492784a42768ec0c2ff0ccf7a1e055","4.5.1","0.6.21"
1849,TRUE,TRUE,"usable",0.782428944055168,2026101204,"af492784a42768ec0c2ff0ccf7a1e055","4.5.1","0.6.21"
1850,TRUE,TRUE,"usable",0.810932905952913,2026101204,"af492784a42768ec0c2ff0ccf7a1e055","4.5.1","0.6.21"
1851,TRUE,TRUE,"usable",0.783352463405176,2026101204,"af492784a42768ec0c2ff0ccf7a1e055","4.5.1","0.6.21"
1852,TRUE,TRUE,"usable",0.807380243514125,2026101204,"af492784a42768ec0c2ff0ccf7a1e055","4.5.1","0.6.21"
1853,TRUE,TRUE,"usable",0.753356771327564,2026101204,"af492784a42768ec0c2ff0ccf7a1e055","4.5.1","0.6.21"
1854,TRUE,TRUE,"usable",0.773958911476388,2026101204,"af492784a42768ec0c2ff0ccf7a1e055","4.5.1","0.6.21"
1855,TRUE,TRUE,"usable",0.782333791889517,2026101204,"af492784a42768ec0c2ff0ccf7a1e055","4.5.1","0.6.21"
1856,TRUE,TRUE,"usable",0.79493003672948,2026101204,"af492784a42768ec0c2ff0ccf7a1e055","4.5.1","0.6.21"
1857,TRUE,TRUE,"usable",0.768444407662508,2026101204,"af492784a42768ec0c2ff0ccf7a1e055","4.5.1","0.6.21"
1858,TRUE,TRUE,"usable",0.790766775759433,2026101204,"af492784a42768ec0c2ff0ccf7a1e055","4.5.1","0.6.21"
1859,TRUE,TRUE,"usable",0.779755137291139,2026101204,"af492784a42768ec0c2ff0ccf7a1e055","4.5.1","0.6.21"
1860,TRUE,TRUE,"usable",0.75625462610418,2026101204,"af492784a42768ec0c2ff0ccf7a1e055","4.5.1","0.6.21"
1861,TRUE,TRUE,"usable",0.788966596837391,2026101204,"af492784a42768ec0c2ff0ccf7a1e055","4.5.1","0.6.21"
1862,TRUE,TRUE,"usable",0.79606264684385,2026101204,"af492784a42768ec0c2ff0ccf7a1e055","4.5.1","0.6.21"
1863,TRUE,TRUE,"usable",0.785893706886643,2026101204,"af492784a42768ec0c2ff0ccf7a1e055","4.5.1","0.6.21"
1864,TRUE,TRUE,"usable",0.790922508774502,2026101204,"af492784a42768ec0c2ff0ccf7a1e055","4.5.1","0.6.21"
1865,TRUE,TRUE,"usable",0.82007535203215,2026101204,"af492784a42768ec0c2ff0ccf7a1e055","4.5.1","0.6.21"
1866,TRUE,TRUE,"usable",0.793506157562598,2026101204,"af492784a42768ec0c2ff0ccf7a1e055","4.5.1","0.6.21"
1867,TRUE,TRUE,"usable",0.773489360171969,2026101204,"af492784a42768ec0c2ff0ccf7a1e055","4.5.1","0.6.21"
1868,TRUE,TRUE,"usable",0.789197634605605,2026101204,"af492784a42768ec0c2ff0ccf7a1e055","4.5.1","0.6.21"
1869,TRUE,TRUE,"usable",0.780814416108287,2026101204,"af492784a42768ec0c2ff0ccf7a1e055","4.5.1","0.6.21"
1870,TRUE,TRUE,"usable",0.811572025239368,2026101204,"af492784a42768ec0c2ff0ccf7a1e055","4.5.1","0.6.21"
1871,TRUE,TRUE,"usable",0.806628264750736,2026101204,"af492784a42768ec0c2ff0ccf7a1e055","4.5.1","0.6.21"
1872,TRUE,TRUE,"usable",0.790473068152521,2026101204,"af492784a42768ec0c2ff0ccf7a1e055","4.5.1","0.6.21"
1873,TRUE,TRUE,"usable",0.794283322482855,2026101204,"af492784a42768ec0c2ff0ccf7a1e055","4.5.1","0.6.21"
1874,TRUE,TRUE,"usable",0.781020047584446,2026101204,"af492784a42768ec0c2ff0ccf7a1e055","4.5.1","0.6.21"
1875,TRUE,TRUE,"usable",0.816295014884531,2026101204,"af492784a42768ec0c2ff0ccf7a1e055","4.5.1","0.6.21"
1876,TRUE,TRUE,"usable",0.813447726991732,2026101204,"af492784a42768ec0c2ff0ccf7a1e055","4.5.1","0.6.21"
1877,TRUE,TRUE,"usable",0.775300891951005,2026101204,"af492784a42768ec0c2ff0ccf7a1e055","4.5.1","0.6.21"
1878,TRUE,TRUE,"usable",0.764835402925945,2026101204,"af492784a42768ec0c2ff0ccf7a1e055","4.5.1","0.6.21"
1879,TRUE,TRUE,"usable",0.804877517812823,2026101204,"af492784a42768ec0c2ff0ccf7a1e055","4.5.1","0.6.21"
1880,TRUE,TRUE,"usable",0.789506860206515,2026101204,"af492784a42768ec0c2ff0ccf7a1e055","4.5.1","0.6.21"
1881,TRUE,TRUE,"usable",0.773693112747105,2026101204,"af492784a42768ec0c2ff0ccf7a1e055","4.5.1","0.6.21"
1882,TRUE,TRUE,"usable",0.813557721851691,2026101204,"af492784a42768ec0c2ff0ccf7a1e055","4.5.1","0.6.21"
1883,TRUE,TRUE,"usable",0.753540652151723,2026101204,"af492784a42768ec0c2ff0ccf7a1e055","4.5.1","0.6.21"
1884,TRUE,TRUE,"usable",0.787836087011322,2026101204,"af492784a42768ec0c2ff0ccf7a1e055","4.5.1","0.6.21"
1885,TRUE,TRUE,"usable",0.769991553580037,2026101204,"af492784a42768ec0c2ff0ccf7a1e055","4.5.1","0.6.21"
1886,TRUE,TRUE,"usable",0.797550661256145,2026101204,"af492784a42768ec0c2ff0ccf7a1e055","4.5.1","0.6.21"
1887,TRUE,TRUE,"usable",0.770204293262988,2026101204,"af492784a42768ec0c2ff0ccf7a1e055","4.5.1","0.6.21"
1888,TRUE,TRUE,"usable",0.789110785698587,2026101204,"af492784a42768ec0c2ff0ccf7a1e055","4.5.1","0.6.21"
1889,TRUE,TRUE,"usable",0.794568259414049,2026101204,"af492784a42768ec0c2ff0ccf7a1e055","4.5.1","0.6.21"
1890,TRUE,TRUE,"usable",0.769691813085604,2026101204,"af492784a42768ec0c2ff0ccf7a1e055","4.5.1","0.6.21"
1891,TRUE,TRUE,"usable",0.790210024933924,2026101204,"af492784a42768ec0c2ff0ccf7a1e055","4.5.1","0.6.21"
1892,TRUE,TRUE,"usable",0.795026530047304,2026101204,"af492784a42768ec0c2ff0ccf7a1e055","4.5.1","0.6.21"
1893,TRUE,TRUE,"usable",0.828518150669524,2026101204,"af492784a42768ec0c2ff0ccf7a1e055","4.5.1","0.6.21"
1894,TRUE,TRUE,"usable",0.783917095931258,2026101204,"af492784a42768ec0c2ff0ccf7a1e055","4.5.1","0.6.21"
1895,TRUE,TRUE,"usable",0.737721014761527,2026101204,"af492784a42768ec0c2ff0ccf7a1e055","4.5.1","0.6.21"
1896,TRUE,TRUE,"usable",0.801812067443695,2026101204,"af492784a42768ec0c2ff0ccf7a1e055","4.5.1","0.6.21"
1897,TRUE,TRUE,"usable",0.774787462319486,2026101204,"af492784a42768ec0c2ff0ccf7a1e055","4.5.1","0.6.21"
1898,TRUE,TRUE,"usable",0.784332316938236,2026101204,"af492784a42768ec0c2ff0ccf7a1e055","4.5.1","0.6.21"
1899,TRUE,TRUE,"usable",0.781689572780348,2026101204,"af492784a42768ec0c2ff0ccf7a1e055","4.5.1","0.6.21"
1900,TRUE,TRUE,"usable",0.796511676419091,2026101204,"af492784a42768ec0c2ff0ccf7a1e055","4.5.1","0.6.21"
1901,TRUE,TRUE,"usable",0.813490086651796,2026101204,"af492784a42768ec0c2ff0ccf7a1e055","4.5.1","0.6.21"
1902,TRUE,TRUE,"usable",0.773233119716615,2026101204,"af492784a42768ec0c2ff0ccf7a1e055","4.5.1","0.6.21"
1903,TRUE,TRUE,"usable",0.772172473434756,2026101204,"af492784a42768ec0c2ff0ccf7a1e055","4.5.1","0.6.21"
1904,TRUE,TRUE,"usable",0.816234046188079,2026101204,"af492784a42768ec0c2ff0ccf7a1e055","4.5.1","0.6.21"
1905,TRUE,TRUE,"usable",0.765529193112888,2026101204,"af492784a42768ec0c2ff0ccf7a1e055","4.5.1","0.6.21"
1906,TRUE,TRUE,"usable",0.763520799688221,2026101204,"af492784a42768ec0c2ff0ccf7a1e055","4.5.1","0.6.21"
1907,TRUE,TRUE,"usable",0.785814840492372,2026101204,"af492784a42768ec0c2ff0ccf7a1e055","4.5.1","0.6.21"
1908,TRUE,TRUE,"usable",0.762318545284561,2026101204,"af492784a42768ec0c2ff0ccf7a1e055","4.5.1","0.6.21"
1909,TRUE,TRUE,"usable",0.808685741918272,2026101204,"af492784a42768ec0c2ff0ccf7a1e055","4.5.1","0.6.21"
1910,TRUE,TRUE,"usable",0.803643171569203,2026101204,"af492784a42768ec0c2ff0ccf7a1e055","4.5.1","0.6.21"
1911,TRUE,TRUE,"usable",0.761354654929121,2026101204,"af492784a42768ec0c2ff0ccf7a1e055","4.5.1","0.6.21"
1912,TRUE,TRUE,"usable",0.785541970245782,2026101204,"af492784a42768ec0c2ff0ccf7a1e055","4.5.1","0.6.21"
1913,TRUE,TRUE,"usable",0.809625281931546,2026101204,"af492784a42768ec0c2ff0ccf7a1e055","4.5.1","0.6.21"
1914,TRUE,TRUE,"usable",0.81047585164473,2026101204,"af492784a42768ec0c2ff0ccf7a1e055","4.5.1","0.6.21"
1915,TRUE,TRUE,"usable",0.792074185024231,2026101204,"af492784a42768ec0c2ff0ccf7a1e055","4.5.1","0.6.21"
1916,TRUE,TRUE,"usable",0.801096560177576,2026101204,"af492784a42768ec0c2ff0ccf7a1e055","4.5.1","0.6.21"
1917,TRUE,TRUE,"usable",0.780432006416574,2026101204,"af492784a42768ec0c2ff0ccf7a1e055","4.5.1","0.6.21"
1918,TRUE,TRUE,"usable",0.784451220103319,2026101204,"af492784a42768ec0c2ff0ccf7a1e055","4.5.1","0.6.21"
1919,TRUE,TRUE,"usable",0.800292618289027,2026101204,"af492784a42768ec0c2ff0ccf7a1e055","4.5.1","0.6.21"
1920,TRUE,TRUE,"usable",0.778885301066005,2026101204,"af492784a42768ec0c2ff0ccf7a1e055","4.5.1","0.6.21"
1921,TRUE,TRUE,"usable",0.767555725879591,2026101204,"af492784a42768ec0c2ff0ccf7a1e055","4.5.1","0.6.21"
1922,TRUE,TRUE,"usable",0.804266356345771,2026101204,"af492784a42768ec0c2ff0ccf7a1e055","4.5.1","0.6.21"
1923,TRUE,TRUE,"usable",0.809953635084808,2026101204,"af492784a42768ec0c2ff0ccf7a1e055","4.5.1","0.6.21"
1924,TRUE,TRUE,"usable",0.785226003606924,2026101204,"af492784a42768ec0c2ff0ccf7a1e055","4.5.1","0.6.21"
1925,TRUE,TRUE,"usable",0.793291522643957,2026101204,"af492784a42768ec0c2ff0ccf7a1e055","4.5.1","0.6.21"
1926,TRUE,TRUE,"usable",0.808521518560665,2026101204,"af492784a42768ec0c2ff0ccf7a1e055","4.5.1","0.6.21"
1927,TRUE,TRUE,"usable",0.791911264753453,2026101204,"af492784a42768ec0c2ff0ccf7a1e055","4.5.1","0.6.21"
1928,TRUE,TRUE,"usable",0.805863167968534,2026101204,"af492784a42768ec0c2ff0ccf7a1e055","4.5.1","0.6.21"
1929,TRUE,TRUE,"usable",0.796959060528027,2026101204,"af492784a42768ec0c2ff0ccf7a1e055","4.5.1","0.6.21"
1930,TRUE,TRUE,"usable",0.795002342559413,2026101204,"af492784a42768ec0c2ff0ccf7a1e055","4.5.1","0.6.21"
1931,TRUE,TRUE,"usable",0.766437379958468,2026101204,"af492784a42768ec0c2ff0ccf7a1e055","4.5.1","0.6.21"
1932,TRUE,TRUE,"usable",0.795190821266993,2026101204,"af492784a42768ec0c2ff0ccf7a1e055","4.5.1","0.6.21"
1933,TRUE,TRUE,"usable",0.795560971524487,2026101204,"af492784a42768ec0c2ff0ccf7a1e055","4.5.1","0.6.21"
1934,TRUE,TRUE,"usable",0.792977095408759,2026101204,"af492784a42768ec0c2ff0ccf7a1e055","4.5.1","0.6.21"
1935,TRUE,TRUE,"usable",0.814844901858014,2026101204,"af492784a42768ec0c2ff0ccf7a1e055","4.5.1","0.6.21"
1936,TRUE,TRUE,"usable",0.801755011973254,2026101204,"af492784a42768ec0c2ff0ccf7a1e055","4.5.1","0.6.21"
1937,TRUE,TRUE,"usable",0.776707122833369,2026101204,"af492784a42768ec0c2ff0ccf7a1e055","4.5.1","0.6.21"
1938,TRUE,TRUE,"usable",0.790221105070043,2026101204,"af492784a42768ec0c2ff0ccf7a1e055","4.5.1","0.6.21"
1939,TRUE,TRUE,"usable",0.789419906086576,2026101204,"af492784a42768ec0c2ff0ccf7a1e055","4.5.1","0.6.21"
1940,TRUE,TRUE,"usable",0.797506281310226,2026101204,"af492784a42768ec0c2ff0ccf7a1e055","4.5.1","0.6.21"
1941,TRUE,TRUE,"usable",0.780603842411879,2026101204,"af492784a42768ec0c2ff0ccf7a1e055","4.5.1","0.6.21"
1942,TRUE,TRUE,"usable",0.792185722093131,2026101204,"af492784a42768ec0c2ff0ccf7a1e055","4.5.1","0.6.21"
1943,TRUE,TRUE,"usable",0.74757867499395,2026101204,"af492784a42768ec0c2ff0ccf7a1e055","4.5.1","0.6.21"
1944,TRUE,TRUE,"usable",0.750876057643374,2026101204,"af492784a42768ec0c2ff0ccf7a1e055","4.5.1","0.6.21"
1945,TRUE,TRUE,"usable",0.781280322660914,2026101204,"af492784a42768ec0c2ff0ccf7a1e055","4.5.1","0.6.21"
1946,TRUE,TRUE,"usable",0.78849228887127,2026101204,"af492784a42768ec0c2ff0ccf7a1e055","4.5.1","0.6.21"
1947,TRUE,TRUE,"usable",0.764233168447991,2026101204,"af492784a42768ec0c2ff0ccf7a1e055","4.5.1","0.6.21"
1948,TRUE,TRUE,"usable",0.79029868535603,2026101204,"af492784a42768ec0c2ff0ccf7a1e055","4.5.1","0.6.21"
1949,TRUE,TRUE,"usable",0.812222426181331,2026101204,"af492784a42768ec0c2ff0ccf7a1e055","4.5.1","0.6.21"
1950,TRUE,TRUE,"usable",0.78360507251244,2026101204,"af492784a42768ec0c2ff0ccf7a1e055","4.5.1","0.6.21"
1951,TRUE,TRUE,"usable",0.755324714713281,2026101204,"af492784a42768ec0c2ff0ccf7a1e055","4.5.1","0.6.21"
1952,TRUE,TRUE,"usable",0.790922562208413,2026101204,"af492784a42768ec0c2ff0ccf7a1e055","4.5.1","0.6.21"
1953,TRUE,TRUE,"usable",0.803062259175352,2026101204,"af492784a42768ec0c2ff0ccf7a1e055","4.5.1","0.6.21"
1954,TRUE,TRUE,"usable",0.802387835819806,2026101204,"af492784a42768ec0c2ff0ccf7a1e055","4.5.1","0.6.21"
1955,TRUE,TRUE,"usable",0.789031909841132,2026101204,"af492784a42768ec0c2ff0ccf7a1e055","4.5.1","0.6.21"
1956,TRUE,TRUE,"usable",0.787998054930297,2026101204,"af492784a42768ec0c2ff0ccf7a1e055","4.5.1","0.6.21"
1957,TRUE,TRUE,"usable",0.799001183633174,2026101204,"af492784a42768ec0c2ff0ccf7a1e055","4.5.1","0.6.21"
1958,TRUE,TRUE,"usable",0.77559589750269,2026101204,"af492784a42768ec0c2ff0ccf7a1e055","4.5.1","0.6.21"
1959,TRUE,TRUE,"usable",0.798041928245623,2026101204,"af492784a42768ec0c2ff0ccf7a1e055","4.5.1","0.6.21"
1960,TRUE,TRUE,"usable",0.804858008192771,2026101204,"af492784a42768ec0c2ff0ccf7a1e055","4.5.1","0.6.21"
1961,TRUE,TRUE,"usable",0.805571479149285,2026101204,"af492784a42768ec0c2ff0ccf7a1e055","4.5.1","0.6.21"
1962,TRUE,TRUE,"usable",0.805636252037576,2026101204,"af492784a42768ec0c2ff0ccf7a1e055","4.5.1","0.6.21"
1963,TRUE,TRUE,"usable",0.797972474561068,2026101204,"af492784a42768ec0c2ff0ccf7a1e055","4.5.1","0.6.21"
1964,TRUE,TRUE,"usable",0.771003895590138,2026101204,"af492784a42768ec0c2ff0ccf7a1e055","4.5.1","0.6.21"
1965,TRUE,TRUE,"usable",0.77028836237078,2026101204,"af492784a42768ec0c2ff0ccf7a1e055","4.5.1","0.6.21"
1966,TRUE,TRUE,"usable",0.80178975271285,2026101204,"af492784a42768ec0c2ff0ccf7a1e055","4.5.1","0.6.21"
1967,TRUE,TRUE,"usable",0.788797872198301,2026101204,"af492784a42768ec0c2ff0ccf7a1e055","4.5.1","0.6.21"
1968,TRUE,TRUE,"usable",0.775114015646358,2026101204,"af492784a42768ec0c2ff0ccf7a1e055","4.5.1","0.6.21"
1969,TRUE,TRUE,"usable",0.766951099434303,2026101204,"af492784a42768ec0c2ff0ccf7a1e055","4.5.1","0.6.21"
1970,TRUE,TRUE,"usable",0.775178426710208,2026101204,"af492784a42768ec0c2ff0ccf7a1e055","4.5.1","0.6.21"
1971,TRUE,TRUE,"usable",0.78705512927112,2026101204,"af492784a42768ec0c2ff0ccf7a1e055","4.5.1","0.6.21"
1972,TRUE,TRUE,"usable",0.775888924864582,2026101204,"af492784a42768ec0c2ff0ccf7a1e055","4.5.1","0.6.21"
1973,TRUE,TRUE,"usable",0.77319390340656,2026101204,"af492784a42768ec0c2ff0ccf7a1e055","4.5.1","0.6.21"
1974,TRUE,TRUE,"usable",0.790372090953901,2026101204,"af492784a42768ec0c2ff0ccf7a1e055","4.5.1","0.6.21"
1975,TRUE,TRUE,"usable",0.801966419353681,2026101204,"af492784a42768ec0c2ff0ccf7a1e055","4.5.1","0.6.21"
1976,TRUE,TRUE,"usable",0.800515875228082,2026101204,"af492784a42768ec0c2ff0ccf7a1e055","4.5.1","0.6.21"
1977,TRUE,TRUE,"usable",0.799098925850621,2026101204,"af492784a42768ec0c2ff0ccf7a1e055","4.5.1","0.6.21"
1978,TRUE,TRUE,"usable",0.79475837858776,2026101204,"af492784a42768ec0c2ff0ccf7a1e055","4.5.1","0.6.21"
1979,TRUE,TRUE,"usable",0.77308444353493,2026101204,"af492784a42768ec0c2ff0ccf7a1e055","4.5.1","0.6.21"
1980,TRUE,TRUE,"usable",0.798072452698736,2026101204,"af492784a42768ec0c2ff0ccf7a1e055","4.5.1","0.6.21"
1981,TRUE,TRUE,"usable",0.804418685878104,2026101204,"af492784a42768ec0c2ff0ccf7a1e055","4.5.1","0.6.21"
1982,TRUE,TRUE,"usable",0.808441179557634,2026101204,"af492784a42768ec0c2ff0ccf7a1e055","4.5.1","0.6.21"
1983,TRUE,TRUE,"usable",0.797222160022875,2026101204,"af492784a42768ec0c2ff0ccf7a1e055","4.5.1","0.6.21"
1984,TRUE,TRUE,"usable",0.796699272189989,2026101204,"af492784a42768ec0c2ff0ccf7a1e055","4.5.1","0.6.21"
1985,TRUE,TRUE,"usable",0.790826335742432,2026101204,"af492784a42768ec0c2ff0ccf7a1e055","4.5.1","0.6.21"
1986,TRUE,TRUE,"usable",0.789616979186641,2026101204,"af492784a42768ec0c2ff0ccf7a1e055","4.5.1","0.6.21"
1987,TRUE,TRUE,"usable",0.793141587334299,2026101204,"af492784a42768ec0c2ff0ccf7a1e055","4.5.1","0.6.21"
1988,TRUE,TRUE,"usable",0.778819281503257,2026101204,"af492784a42768ec0c2ff0ccf7a1e055","4.5.1","0.6.21"
1989,TRUE,TRUE,"usable",0.789949850673996,2026101204,"af492784a42768ec0c2ff0ccf7a1e055","4.5.1","0.6.21"
1990,TRUE,TRUE,"usable",0.764975560303589,2026101204,"af492784a42768ec0c2ff0ccf7a1e055","4.5.1","0.6.21"
1991,TRUE,TRUE,"usable",0.791477981882523,2026101204,"af492784a42768ec0c2ff0ccf7a1e055","4.5.1","0.6.21"
1992,TRUE,TRUE,"usable",0.811283808142477,2026101204,"af492784a42768ec0c2ff0ccf7a1e055","4.5.1","0.6.21"
1993,TRUE,TRUE,"usable",0.775180583117179,2026101204,"af492784a42768ec0c2ff0ccf7a1e055","4.5.1","0.6.21"
1994,TRUE,TRUE,"usable",0.812043154535699,2026101204,"af492784a42768ec0c2ff0ccf7a1e055","4.5.1","0.6.21"
1995,TRUE,TRUE,"usable",0.806701038732619,2026101204,"af492784a42768ec0c2ff0ccf7a1e055","4.5.1","0.6.21"
1996,TRUE,TRUE,"usable",0.779169883017495,2026101204,"af492784a42768ec0c2ff0ccf7a1e055","4.5.1","0.6.21"
1997,TRUE,TRUE,"usable",0.794657997532504,2026101204,"af492784a42768ec0c2ff0ccf7a1e055","4.5.1","0.6.21"
1998,TRUE,TRUE,"usable",0.797911066693796,2026101204,"af492784a42768ec0c2ff0ccf7a1e055","4.5.1","0.6.21"
1999,TRUE,TRUE,"usable",0.78384634677214,2026101204,"af492784a42768ec0c2ff0ccf7a1e055","4.5.1","0.6.21"
2000,TRUE,TRUE,"usable",0.788862470240892,2026101204,"af492784a42768ec0c2ff0ccf7a1e055","4.5.1","0.6.21"
